messageId,createdAt,type,content,conversationId
M00001,2025-11-05T12:52:25,file,https://example.com/message/m00001,CV0077
M00002,2026-01-25T10:07:48,text,Mình vừa cập nhật file rồi.,CV0028
M00003,2026-01-08T04:34:21,text,Cảm ơn mọi người.,CV0140
M00004,2026-03-21T20:27:26,text,Mình gửi tài liệu ở đây nhé,CV0133
M00005,2025-12-15T10:49:31,text,Chào mọi người,CV0026
M00006,2025-11-27T16:36:59,text,Cảm ơn mọi người.,CV0004
M00007,2026-02-27T13:09:24,image,https://example.com/message/m00007,CV0123
M00008,2026-03-24T11:46:39,text,Ai rảnh tối nay học cùng không?,CV0099
M00009,2025-11-26T21:03:32,text,Cảm ơn mọi người.,CV0067
M00010,2025-10-19T13:08:04,text,Mình vừa cập nhật file rồi.,CV0056
M00011,2026-03-13T15:58:26,text,Mình vừa cập nhật file rồi.,CV0065
M00012,2025-12-27T08:17:20,image,https://example.com/message/m00012,CV0101
M00013,2026-03-18T08:20:26,text,Chào mọi người,CV0015
M00014,2026-03-29T03:18:56,text,Chào mọi người,CV0013
M00015,2026-02-27T14:26:48,text,Cho mình hỏi thêm phần này.,CV0158
M00016,2026-04-01T04:55:29,text,Cho mình hỏi thêm phần này.,CV0125
M00017,2026-04-01T12:03:18,text,Ai rảnh tối nay học cùng không?,CV0023
M00018,2026-01-20T03:34:06,text,Mình vừa cập nhật file rồi.,CV0008
M00019,2026-03-05T03:02:29,text,Cảm ơn mọi người.,CV0148
M00020,2026-03-17T01:23:52,text,Mình vừa cập nhật file rồi.,CV0143
M00021,2025-12-16T18:41:04,text,Mình gửi tài liệu ở đây nhé,CV0166
M00022,2025-06-10T21:06:56,image,https://example.com/message/m00022,CV0074
M00023,2026-01-27T13:56:56,text,Cảm ơn mọi người.,CV0002
M00024,2026-03-31T11:47:32,text,Ai rảnh tối nay học cùng không?,CV0169
M00025,2026-02-27T21:31:26,image,https://example.com/message/m00025,CV0110
M00026,2026-03-13T14:07:17,text,Chào mọi người,CV0028
M00027,2026-03-26T23:21:39,text,Ai rảnh tối nay học cùng không?,CV0098
M00028,2026-02-14T02:43:08,text,Mình gửi tài liệu ở đây nhé,CV0174
M00029,2026-03-30T01:31:03,text,Cảm ơn mọi người.,CV0127
M00030,2026-03-09T00:49:34,text,Ai rảnh tối nay học cùng không?,CV0136
M00031,2026-03-21T05:09:53,text,Cảm ơn mọi người.,CV0012
M00032,2026-03-30T22:20:27,file,https://example.com/message/m00032,CV0038
M00033,2025-11-20T06:28:48,text,Mình vừa cập nhật file rồi.,CV0089
M00034,2026-03-27T18:12:57,text,Mình gửi tài liệu ở đây nhé,CV0178
M00035,2026-03-08T18:15:30,text,Ai rảnh tối nay học cùng không?,CV0063
M00036,2026-03-29T23:45:15,text,Mình vừa cập nhật file rồi.,CV0031
M00037,2026-03-22T10:09:30,text,Mình vừa cập nhật file rồi.,CV0073
M00038,2025-07-08T10:24:06,image,https://example.com/message/m00038,CV0074
M00039,2026-03-22T05:45:55,text,Cho mình hỏi thêm phần này.,CV0055
M00040,2026-03-28T13:37:03,text,Mình vừa cập nhật file rồi.,CV0027
M00041,2026-03-19T05:16:18,text,Mình gửi tài liệu ở đây nhé,CV0120
M00042,2026-03-28T04:26:03,text,Cảm ơn mọi người.,CV0129
M00043,2026-03-12T23:01:17,text,Ai rảnh tối nay học cùng không?,CV0081
M00044,2026-01-02T17:59:43,text,Mình gửi tài liệu ở đây nhé,CV0103
M00045,2026-03-15T13:10:22,file,https://example.com/message/m00045,CV0142
M00046,2026-03-29T08:33:39,text,Chào mọi người,CV0163
M00047,2026-03-24T06:15:29,text,Cho mình hỏi thêm phần này.,CV0019
M00048,2026-03-31T08:51:44,image,https://example.com/message/m00048,CV0173
M00049,2026-03-29T23:27:13,file,https://example.com/message/m00049,CV0048
M00050,2026-03-25T15:31:37,text,Mình gửi tài liệu ở đây nhé,CV0055
M00051,2026-03-29T00:41:32,text,Mình vừa cập nhật file rồi.,CV0038
M00052,2026-04-01T12:31:42,text,Chào mọi người,CV0023
M00053,2026-01-29T13:39:17,text,Mình gửi tài liệu ở đây nhé,CV0144
M00054,2026-04-01T14:32:24,file,https://example.com/message/m00054,CV0025
M00055,2025-10-11T14:30:24,image,https://example.com/message/m00055,CV0116
M00056,2026-03-31T11:03:27,image,https://example.com/message/m00056,CV0082
M00057,2026-03-18T06:43:34,text,Chào mọi người,CV0115
M00058,2025-12-17T10:47:38,image,https://example.com/message/m00058,CV0077
M00059,2026-03-28T00:48:41,image,https://example.com/message/m00059,CV0031
M00060,2026-02-16T04:56:58,text,Cho mình hỏi thêm phần này.,CV0174
M00061,2026-03-31T16:57:50,text,Cảm ơn mọi người.,CV0094
M00062,2026-02-01T17:49:19,text,Cho mình hỏi thêm phần này.,CV0033
M00063,2026-04-01T18:28:01,text,Mình gửi tài liệu ở đây nhé,CV0025
M00064,2025-12-05T13:11:19,text,Chào mọi người,CV0059
M00065,2026-03-22T04:25:38,text,Chào mọi người,CV0043
M00066,2026-01-04T07:13:50,image,https://example.com/message/m00066,CV0109
M00067,2026-03-07T00:20:19,text,Mình vừa cập nhật file rồi.,CV0146
M00068,2026-02-11T12:36:57,text,Mình gửi tài liệu ở đây nhé,CV0029
M00069,2026-03-24T11:52:35,text,Cảm ơn mọi người.,CV0054
M00070,2026-03-20T16:49:40,text,Ai rảnh tối nay học cùng không?,CV0167
M00071,2025-10-09T23:46:03,text,Mình vừa cập nhật file rồi.,CV0126
M00072,2025-08-05T18:48:59,text,Mình gửi tài liệu ở đây nhé,CV0154
M00073,2026-01-18T12:22:03,text,Chào mọi người,CV0028
M00074,2025-08-02T00:37:11,text,Mình gửi tài liệu ở đây nhé,CV0151
M00075,2025-09-27T21:28:34,text,Mình vừa cập nhật file rồi.,CV0049
M00076,2026-03-25T23:06:57,image,https://example.com/message/m00076,CV0027
M00077,2026-03-19T00:31:33,text,Chào mọi người,CV0088
M00078,2026-03-28T12:57:59,image,https://example.com/message/m00078,CV0112
M00079,2025-10-14T21:50:12,text,Cho mình hỏi thêm phần này.,CV0105
M00080,2026-03-07T08:28:31,image,https://example.com/message/m00080,CV0001
M00081,2026-03-25T12:01:35,file,https://example.com/message/m00081,CV0173
M00082,2026-04-01T17:16:45,image,https://example.com/message/m00082,CV0164
M00083,2026-03-26T20:41:12,text,Mình vừa cập nhật file rồi.,CV0009
M00084,2026-03-31T23:21:26,image,https://example.com/message/m00084,CV0137
M00085,2026-02-09T20:41:49,text,Ai rảnh tối nay học cùng không?,CV0017
M00086,2026-03-24T20:43:07,text,Chào mọi người,CV0179
M00087,2026-03-03T03:38:58,text,Mình vừa cập nhật file rồi.,CV0119
M00088,2026-01-01T12:51:03,image,https://example.com/message/m00088,CV0004
M00089,2026-04-01T11:11:20,image,https://example.com/message/m00089,CV0016
M00090,2025-11-18T16:32:39,text,Cho mình hỏi thêm phần này.,CV0003
M00091,2026-03-12T17:04:47,text,Ai rảnh tối nay học cùng không?,CV0020
M00092,2026-03-27T10:50:55,text,Cảm ơn mọi người.,CV0173
M00093,2026-03-07T14:09:07,text,Ai rảnh tối nay học cùng không?,CV0005
M00094,2026-03-20T08:40:45,text,Ai rảnh tối nay học cùng không?,CV0043
M00095,2026-03-24T01:33:09,text,Mình vừa cập nhật file rồi.,CV0065
M00096,2025-10-29T03:11:17,text,Cảm ơn mọi người.,CV0105
M00097,2026-02-11T03:22:13,text,Ai rảnh tối nay học cùng không?,CV0075
M00098,2026-03-25T05:15:59,text,Mình vừa cập nhật file rồi.,CV0179
M00099,2025-06-25T22:24:53,text,Chào mọi người,CV0095
M00100,2025-10-18T23:08:59,text,Ai rảnh tối nay học cùng không?,CV0101
M00101,2026-03-30T22:43:40,text,Chào mọi người,CV0113
M00102,2025-12-11T21:22:44,text,Mình vừa cập nhật file rồi.,CV0051
M00103,2026-03-11T14:59:13,text,Ai rảnh tối nay học cùng không?,CV0058
M00104,2026-02-17T07:15:15,image,https://example.com/message/m00104,CV0167
M00105,2026-03-02T21:42:41,text,Chào mọi người,CV0171
M00106,2026-03-05T01:32:59,text,Ai rảnh tối nay học cùng không?,CV0045
M00107,2026-03-20T20:49:50,image,https://example.com/message/m00107,CV0066
M00108,2025-06-19T16:44:08,text,Mình gửi tài liệu ở đây nhé,CV0021
M00109,2026-03-22T15:36:58,image,https://example.com/message/m00109,CV0180
M00110,2026-01-25T16:07:39,text,Cảm ơn mọi người.,CV0126
M00111,2026-02-17T11:42:48,text,Mình vừa cập nhật file rồi.,CV0115
M00112,2025-08-26T18:15:49,text,Mình gửi tài liệu ở đây nhé,CV0024
M00113,2026-03-21T20:05:19,text,Cảm ơn mọi người.,CV0117
M00114,2026-03-19T09:47:08,image,https://example.com/message/m00114,CV0010
M00115,2026-03-23T09:40:03,text,Cho mình hỏi thêm phần này.,CV0100
M00116,2026-03-24T00:01:12,text,Mình gửi tài liệu ở đây nhé,CV0176
M00117,2026-01-10T08:37:16,text,Chào mọi người,CV0126
M00118,2025-11-06T13:37:33,image,https://example.com/message/m00118,CV0051
M00119,2025-09-21T19:16:55,image,https://example.com/message/m00119,CV0053
M00120,2026-03-29T10:16:04,text,Chào mọi người,CV0134
M00121,2025-10-18T18:05:37,file,https://example.com/message/m00121,CV0165
M00122,2025-12-04T16:26:17,image,https://example.com/message/m00122,CV0174
M00123,2026-03-31T16:59:01,image,https://example.com/message/m00123,CV0152
M00124,2025-10-03T00:04:25,text,Chào mọi người,CV0033
M00125,2026-03-29T20:06:43,text,Chào mọi người,CV0037
M00126,2026-03-10T06:07:00,text,Cho mình hỏi thêm phần này.,CV0172
M00127,2026-01-20T16:02:41,file,https://example.com/message/m00127,CV0112
M00128,2025-11-17T14:46:56,text,Mình gửi tài liệu ở đây nhé,CV0009
M00129,2026-03-21T04:55:08,text,Cảm ơn mọi người.,CV0142
M00130,2026-01-26T18:02:39,text,Mình gửi tài liệu ở đây nhé,CV0028
M00131,2026-03-19T20:07:58,image,https://example.com/message/m00131,CV0154
M00132,2026-03-12T03:14:03,text,Mình gửi tài liệu ở đây nhé,CV0151
M00133,2025-10-06T05:44:19,text,Mình gửi tài liệu ở đây nhé,CV0105
M00134,2026-03-21T13:38:00,image,https://example.com/message/m00134,CV0068
M00135,2026-03-20T12:25:21,image,https://example.com/message/m00135,CV0102
M00136,2025-12-02T10:34:52,text,Mình vừa cập nhật file rồi.,CV0095
M00137,2026-02-13T05:35:06,text,Cho mình hỏi thêm phần này.,CV0071
M00138,2026-03-27T15:23:56,text,Chào mọi người,CV0043
M00139,2026-03-30T00:23:11,image,https://example.com/message/m00139,CV0043
M00140,2025-08-21T10:54:58,text,Ai rảnh tối nay học cùng không?,CV0151
M00141,2026-02-16T21:07:55,text,Cho mình hỏi thêm phần này.,CV0126
M00142,2026-04-01T10:15:57,text,Mình vừa cập nhật file rồi.,CV0025
M00143,2026-02-15T05:50:10,image,https://example.com/message/m00143,CV0041
M00144,2026-02-27T22:05:13,text,Mình vừa cập nhật file rồi.,CV0110
M00145,2026-03-23T17:57:02,text,Chào mọi người,CV0167
M00146,2026-02-12T09:44:06,text,Mình vừa cập nhật file rồi.,CV0021
M00147,2026-03-28T16:08:10,text,Mình vừa cập nhật file rồi.,CV0001
M00148,2026-01-27T07:00:47,image,https://example.com/message/m00148,CV0140
M00149,2026-03-30T11:14:16,text,Mình gửi tài liệu ở đây nhé,CV0013
M00150,2026-01-08T20:33:40,text,Mình gửi tài liệu ở đây nhé,CV0126
M00151,2026-03-05T13:12:45,text,Chào mọi người,CV0083
M00152,2026-03-27T13:01:11,text,Cảm ơn mọi người.,CV0060
M00153,2026-03-29T21:51:46,text,Mình gửi tài liệu ở đây nhé,CV0129
M00154,2026-04-01T15:05:29,text,Mình gửi tài liệu ở đây nhé,CV0156
M00155,2026-03-28T00:59:01,text,Cho mình hỏi thêm phần này.,CV0114
M00156,2025-12-07T04:04:28,image,https://example.com/message/m00156,CV0109
M00157,2026-03-18T09:58:57,file,https://example.com/message/m00157,CV0064
M00158,2025-05-07T17:56:55,text,Chào mọi người,CV0049
M00159,2026-03-12T23:23:23,text,Cảm ơn mọi người.,CV0073
M00160,2026-03-29T22:33:30,text,Cho mình hỏi thêm phần này.,CV0027
M00161,2025-09-17T14:51:51,text,Mình vừa cập nhật file rồi.,CV0116
M00162,2026-02-23T15:40:41,text,Chào mọi người,CV0020
M00163,2025-12-21T18:34:34,text,Cho mình hỏi thêm phần này.,CV0146
M00164,2026-03-20T11:04:48,text,Chào mọi người,CV0071
M00165,2026-03-31T04:09:37,image,https://example.com/message/m00165,CV0132
M00166,2026-03-09T03:47:34,text,Mình vừa cập nhật file rồi.,CV0161
M00167,2026-03-23T14:02:20,text,Mình gửi tài liệu ở đây nhé,CV0127
M00168,2026-03-07T00:18:40,text,Ai rảnh tối nay học cùng không?,CV0044
M00169,2026-03-25T12:54:00,text,Cảm ơn mọi người.,CV0173
M00170,2025-12-26T17:26:40,text,Chào mọi người,CV0080
M00171,2026-02-25T08:39:03,text,Cho mình hỏi thêm phần này.,CV0048
M00172,2026-02-28T22:40:00,text,Cho mình hỏi thêm phần này.,CV0044
M00173,2026-04-01T00:59:36,text,Mình gửi tài liệu ở đây nhé,CV0137
M00174,2026-01-31T02:30:47,text,Mình gửi tài liệu ở đây nhé,CV0015
M00175,2025-12-10T01:28:06,text,Cảm ơn mọi người.,CV0125
M00176,2026-04-01T14:19:48,text,Ai rảnh tối nay học cùng không?,CV0114
M00177,2026-04-01T19:00:21,text,Chào mọi người,CV0104
M00178,2026-01-04T16:33:19,text,Cảm ơn mọi người.,CV0089
M00179,2026-03-06T07:45:49,text,Mình gửi tài liệu ở đây nhé,CV0165
M00180,2025-12-30T21:12:26,text,Chào mọi người,CV0176
M00181,2026-03-26T00:35:08,text,Ai rảnh tối nay học cùng không?,CV0030
M00182,2025-11-09T13:23:06,text,Mình vừa cập nhật file rồi.,CV0172
M00183,2025-12-11T15:57:34,text,Mình vừa cập nhật file rồi.,CV0125
M00184,2026-01-28T16:04:31,text,Ai rảnh tối nay học cùng không?,CV0090
M00185,2026-03-31T01:12:16,text,Ai rảnh tối nay học cùng không?,CV0096
M00186,2026-02-25T20:28:05,text,Cảm ơn mọi người.,CV0090
M00187,2026-03-14T06:02:45,text,Mình vừa cập nhật file rồi.,CV0097
M00188,2026-03-31T20:09:12,text,Mình gửi tài liệu ở đây nhé,CV0170
M00189,2026-01-31T19:18:42,text,Chào mọi người,CV0109
M00190,2026-03-23T15:31:11,text,Cho mình hỏi thêm phần này.,CV0179
M00191,2026-03-20T03:19:53,text,Cho mình hỏi thêm phần này.,CV0155
M00192,2026-01-04T01:49:20,text,Ai rảnh tối nay học cùng không?,CV0004
M00193,2026-02-15T13:19:29,text,Mình vừa cập nhật file rồi.,CV0045
M00194,2026-01-10T11:24:31,text,Mình vừa cập nhật file rồi.,CV0126
M00195,2026-03-16T15:21:39,text,Cho mình hỏi thêm phần này.,CV0090
M00196,2026-02-28T16:14:01,text,Cho mình hỏi thêm phần này.,CV0093
M00197,2026-01-03T06:38:46,text,Mình gửi tài liệu ở đây nhé,CV0121
M00198,2026-02-02T17:28:59,text,Cảm ơn mọi người.,CV0065
M00199,2026-03-29T09:25:41,image,https://example.com/message/m00199,CV0013
M00200,2026-03-02T13:14:02,text,Mình vừa cập nhật file rồi.,CV0097
M00201,2026-03-29T11:55:31,text,Cho mình hỏi thêm phần này.,CV0001
M00202,2025-09-13T03:49:42,text,Chào mọi người,CV0168
M00203,2026-01-18T07:08:43,text,Chào mọi người,CV0067
M00204,2025-11-24T14:48:59,image,https://example.com/message/m00204,CV0009
M00205,2026-03-20T23:12:44,file,https://example.com/message/m00205,CV0128
M00206,2026-02-11T08:16:05,text,Mình gửi tài liệu ở đây nhé,CV0092
M00207,2026-02-14T08:45:15,text,Cho mình hỏi thêm phần này.,CV0070
M00208,2026-04-01T03:35:06,text,Mình gửi tài liệu ở đây nhé,CV0149
M00209,2026-03-17T00:54:29,text,Cho mình hỏi thêm phần này.,CV0029
M00210,2026-04-01T19:28:23,image,https://example.com/message/m00210,CV0061
M00211,2026-03-17T05:01:34,text,Mình vừa cập nhật file rồi.,CV0094
M00212,2026-03-14T03:02:31,file,https://example.com/message/m00212,CV0074
M00213,2026-03-25T11:22:25,text,Cảm ơn mọi người.,CV0100
M00214,2025-03-16T13:56:04,file,https://example.com/message/m00214,CV0046
M00215,2026-02-18T16:01:26,file,https://example.com/message/m00215,CV0024
M00216,2026-03-29T06:25:33,text,Mình vừa cập nhật file rồi.,CV0111
M00217,2025-12-29T05:39:59,text,Cảm ơn mọi người.,CV0136
M00218,2026-03-15T08:30:19,text,Chào mọi người,CV0139
M00219,2025-05-30T06:48:19,text,Mình vừa cập nhật file rồi.,CV0022
M00220,2026-03-23T18:45:18,text,Mình gửi tài liệu ở đây nhé,CV0117
M00221,2026-03-31T22:33:47,text,Cảm ơn mọi người.,CV0047
M00222,2026-03-28T01:17:05,text,Mình gửi tài liệu ở đây nhé,CV0037
M00223,2026-01-14T03:05:17,text,Mình gửi tài liệu ở đây nhé,CV0040
M00224,2026-01-11T10:55:48,text,Mình vừa cập nhật file rồi.,CV0095
M00225,2026-02-18T17:21:34,text,Cảm ơn mọi người.,CV0155
M00226,2026-03-06T18:26:22,text,Cảm ơn mọi người.,CV0101
M00227,2026-01-12T19:09:53,text,Cảm ơn mọi người.,CV0103
M00228,2026-03-30T12:56:32,text,Ai rảnh tối nay học cùng không?,CV0043
M00229,2026-03-22T04:43:59,file,https://example.com/message/m00229,CV0107
M00230,2026-04-01T21:12:15,text,Cảm ơn mọi người.,CV0078
M00231,2026-01-16T23:30:00,text,Chào mọi người,CV0045
M00232,2025-07-28T01:32:53,image,https://example.com/message/m00232,CV0005
M00233,2026-03-26T07:06:31,text,Ai rảnh tối nay học cùng không?,CV0150
M00234,2026-01-16T12:59:09,text,Mình gửi tài liệu ở đây nhé,CV0176
M00235,2026-04-01T18:58:53,text,Cho mình hỏi thêm phần này.,CV0045
M00236,2025-10-26T04:08:07,text,Cho mình hỏi thêm phần này.,CV0126
M00237,2026-03-27T18:45:18,text,Mình vừa cập nhật file rồi.,CV0068
M00238,2026-03-20T16:14:07,text,Cảm ơn mọi người.,CV0148
M00239,2026-01-20T07:17:42,text,Cảm ơn mọi người.,CV0048
M00240,2026-01-25T08:20:21,text,Chào mọi người,CV0090
M00241,2026-03-26T08:46:03,text,Ai rảnh tối nay học cùng không?,CV0004
M00242,2026-03-26T17:34:53,text,Chào mọi người,CV0149
M00243,2026-03-28T22:36:53,text,Mình vừa cập nhật file rồi.,CV0129
M00244,2025-11-11T08:23:30,text,Chào mọi người,CV0098
M00245,2026-02-22T07:52:35,text,Cảm ơn mọi người.,CV0054
M00246,2025-11-10T08:21:01,text,Ai rảnh tối nay học cùng không?,CV0084
M00247,2025-12-27T18:08:35,text,Cảm ơn mọi người.,CV0007
M00248,2025-08-09T14:23:12,image,https://example.com/message/m00248,CV0062
M00249,2025-10-01T05:29:49,text,Mình gửi tài liệu ở đây nhé,CV0116
M00250,2026-02-14T22:02:13,text,Chào mọi người,CV0040
M00251,2026-02-14T03:11:11,text,Chào mọi người,CV0054
M00252,2026-03-31T23:38:43,text,Chào mọi người,CV0139
M00253,2026-03-12T06:40:49,text,Cho mình hỏi thêm phần này.,CV0096
M00254,2026-02-21T09:00:02,text,Cảm ơn mọi người.,CV0012
M00255,2026-03-29T22:02:38,text,Mình vừa cập nhật file rồi.,CV0178
M00256,2026-03-19T10:13:54,text,Chào mọi người,CV0149
M00257,2026-03-29T17:22:16,text,Mình gửi tài liệu ở đây nhé,CV0086
M00258,2026-02-11T08:14:40,text,Mình gửi tài liệu ở đây nhé,CV0101
M00259,2026-03-11T05:31:00,text,Ai rảnh tối nay học cùng không?,CV0051
M00260,2026-03-12T11:39:48,text,Mình gửi tài liệu ở đây nhé,CV0125
M00261,2026-03-30T22:50:51,file,https://example.com/message/m00261,CV0163
M00262,2026-03-30T09:47:05,text,Mình gửi tài liệu ở đây nhé,CV0091
M00263,2026-02-13T00:43:43,file,https://example.com/message/m00263,CV0012
M00264,2026-03-24T22:47:18,image,https://example.com/message/m00264,CV0163
M00265,2026-02-23T15:11:28,text,Cho mình hỏi thêm phần này.,CV0077
M00266,2026-03-16T15:49:37,file,https://example.com/message/m00266,CV0102
M00267,2026-03-30T00:23:23,text,Mình gửi tài liệu ở đây nhé,CV0114
M00268,2026-02-25T15:46:21,text,Cho mình hỏi thêm phần này.,CV0152
M00269,2026-03-24T19:01:05,text,Cho mình hỏi thêm phần này.,CV0015
M00270,2025-09-06T23:09:09,text,Ai rảnh tối nay học cùng không?,CV0175
M00271,2026-03-27T08:00:02,image,https://example.com/message/m00271,CV0037
M00272,2025-07-31T22:00:52,text,Cho mình hỏi thêm phần này.,CV0022
M00273,2026-03-25T01:49:00,text,Mình gửi tài liệu ở đây nhé,CV0104
M00274,2026-03-30T22:45:43,text,Chào mọi người,CV0130
M00275,2026-01-28T18:24:06,text,Mình gửi tài liệu ở đây nhé,CV0067
M00276,2026-01-05T23:44:05,text,Cho mình hỏi thêm phần này.,CV0051
M00277,2026-02-04T04:03:20,text,Mình vừa cập nhật file rồi.,CV0035
M00278,2025-10-07T03:39:06,image,https://example.com/message/m00278,CV0061
M00279,2026-03-14T23:33:15,text,Cho mình hỏi thêm phần này.,CV0175
M00280,2026-03-06T23:43:38,image,https://example.com/message/m00280,CV0151
M00281,2025-10-21T14:40:40,text,Chào mọi người,CV0011
M00282,2026-03-23T05:05:42,text,Chào mọi người,CV0150
M00283,2025-07-27T22:04:38,text,Ai rảnh tối nay học cùng không?,CV0061
M00284,2026-03-18T16:20:11,image,https://example.com/message/m00284,CV0041
M00285,2026-04-01T08:48:41,text,Chào mọi người,CV0111
M00286,2026-01-17T16:09:59,image,https://example.com/message/m00286,CV0176
M00287,2026-01-30T16:03:35,text,Mình vừa cập nhật file rồi.,CV0124
M00288,2026-03-28T19:00:53,text,Ai rảnh tối nay học cùng không?,CV0064
M00289,2026-01-26T08:48:50,text,Cảm ơn mọi người.,CV0005
M00290,2025-12-23T18:34:04,file,https://example.com/message/m00290,CV0077
M00291,2026-01-09T20:03:26,text,Mình gửi tài liệu ở đây nhé,CV0047
M00292,2026-03-28T04:42:46,text,Mình gửi tài liệu ở đây nhé,CV0019
M00293,2026-03-29T16:27:10,text,Cảm ơn mọi người.,CV0142
M00294,2025-07-28T22:50:00,text,Cảm ơn mọi người.,CV0024
M00295,2026-03-22T11:32:33,text,Chào mọi người,CV0004
M00296,2026-03-31T06:14:54,file,https://example.com/message/m00296,CV0158
M00297,2026-03-03T17:53:38,image,https://example.com/message/m00297,CV0085
M00298,2025-11-27T11:34:00,text,Ai rảnh tối nay học cùng không?,CV0168
M00299,2026-03-13T09:49:04,text,Mình vừa cập nhật file rồi.,CV0060
M00300,2025-12-09T22:09:33,text,Mình vừa cập nhật file rồi.,CV0056
M00301,2026-03-18T13:02:03,text,Mình gửi tài liệu ở đây nhé,CV0079
M00302,2026-03-03T20:22:25,text,Ai rảnh tối nay học cùng không?,CV0065
M00303,2026-02-09T00:54:39,text,Ai rảnh tối nay học cùng không?,CV0092
M00304,2026-02-04T17:28:25,image,https://example.com/message/m00304,CV0157
M00305,2026-03-21T23:02:34,text,Chào mọi người,CV0180
M00306,2026-01-03T00:08:51,text,Cho mình hỏi thêm phần này.,CV0121
M00307,2026-04-01T17:50:58,text,Cảm ơn mọi người.,CV0164
M00308,2026-03-21T10:59:20,text,Chào mọi người,CV0065
M00309,2026-03-29T05:44:45,image,https://example.com/message/m00309,CV0160
M00310,2026-02-17T00:36:38,text,Ai rảnh tối nay học cùng không?,CV0079
M00311,2026-04-01T16:09:47,text,Ai rảnh tối nay học cùng không?,CV0097
M00312,2026-03-08T15:17:29,text,Mình gửi tài liệu ở đây nhé,CV0073
M00313,2026-02-20T23:54:53,text,Mình gửi tài liệu ở đây nhé,CV0171
M00314,2026-04-01T16:21:03,text,Cho mình hỏi thêm phần này.,CV0078
M00315,2026-04-01T09:40:47,text,Mình gửi tài liệu ở đây nhé,CV0170
M00316,2025-02-03T11:09:32,text,Mình gửi tài liệu ở đây nhé,CV0080
M00317,2025-12-23T02:51:21,file,https://example.com/message/m00317,CV0165
M00318,2026-04-01T01:59:21,text,Mình vừa cập nhật file rồi.,CV0132
M00319,2026-03-22T09:36:54,image,https://example.com/message/m00319,CV0097
M00320,2026-02-16T19:32:10,text,Cho mình hỏi thêm phần này.,CV0063
M00321,2026-02-08T02:20:39,text,Mình vừa cập nhật file rồi.,CV0115
M00322,2026-03-29T08:56:55,text,Ai rảnh tối nay học cùng không?,CV0137
M00323,2026-03-11T10:28:41,text,Cảm ơn mọi người.,CV0175
M00324,2026-03-01T06:02:14,text,Chào mọi người,CV0130
M00325,2026-03-25T22:23:26,text,Mình vừa cập nhật file rồi.,CV0016
M00326,2026-03-27T14:59:10,text,Cho mình hỏi thêm phần này.,CV0129
M00327,2026-03-25T01:15:44,text,Cảm ơn mọi người.,CV0169
M00328,2026-03-19T08:43:00,text,Cảm ơn mọi người.,CV0087
M00329,2026-03-08T13:47:45,text,Ai rảnh tối nay học cùng không?,CV0004
M00330,2026-04-01T01:31:46,text,Cho mình hỏi thêm phần này.,CV0100
M00331,2026-03-30T00:35:36,text,Mình gửi tài liệu ở đây nhé,CV0177
M00332,2026-04-01T17:25:33,text,Chào mọi người,CV0159
M00333,2025-07-15T11:45:48,text,Cho mình hỏi thêm phần này.,CV0095
M00334,2026-02-07T13:27:16,text,Cảm ơn mọi người.,CV0085
M00335,2026-03-20T09:33:20,text,Cảm ơn mọi người.,CV0072
M00336,2026-03-31T21:19:42,text,Ai rảnh tối nay học cùng không?,CV0023
M00337,2026-01-08T15:04:37,image,https://example.com/message/m00337,CV0044
M00338,2025-12-22T08:32:32,text,Chào mọi người,CV0116
M00339,2025-08-16T14:21:14,text,Chào mọi người,CV0046
M00340,2026-02-11T12:07:13,text,Chào mọi người,CV0066
M00341,2026-02-21T12:17:11,text,Ai rảnh tối nay học cùng không?,CV0063
M00342,2026-03-20T03:35:45,text,Mình gửi tài liệu ở đây nhé,CV0099
M00343,2026-03-31T04:33:27,text,Mình gửi tài liệu ở đây nhé,CV0023
M00344,2025-09-05T05:43:51,text,Cho mình hỏi thêm phần này.,CV0033
M00345,2026-03-28T05:57:38,text,Mình vừa cập nhật file rồi.,CV0178
M00346,2025-08-25T14:59:14,text,Chào mọi người,CV0056
M00347,2025-12-31T01:14:26,text,Ai rảnh tối nay học cùng không?,CV0036
M00348,2026-03-24T23:38:26,text,Cho mình hỏi thêm phần này.,CV0099
M00349,2026-03-02T05:09:36,text,Ai rảnh tối nay học cùng không?,CV0010
M00350,2026-03-18T18:37:39,text,Mình gửi tài liệu ở đây nhé,CV0180
M00351,2026-01-18T06:35:42,text,Cho mình hỏi thêm phần này.,CV0053
M00352,2026-03-29T06:15:19,text,Cảm ơn mọi người.,CV0118
M00353,2026-03-18T18:50:12,text,Cảm ơn mọi người.,CV0001
M00354,2026-04-01T00:47:44,text,Ai rảnh tối nay học cùng không?,CV0013
M00355,2026-03-21T22:55:19,text,Mình vừa cập nhật file rồi.,CV0043
M00356,2026-03-02T07:37:51,text,Cảm ơn mọi người.,CV0090
M00357,2026-03-18T01:16:22,text,Cảm ơn mọi người.,CV0123
M00358,2025-06-12T18:34:56,text,Chào mọi người,CV0021
M00359,2026-03-09T02:13:47,text,Chào mọi người,CV0110
M00360,2026-03-10T21:51:34,text,Mình vừa cập nhật file rồi.,CV0033
M00361,2026-03-02T19:11:53,text,Ai rảnh tối nay học cùng không?,CV0145
M00362,2026-03-04T22:57:54,image,https://example.com/message/m00362,CV0058
M00363,2025-08-04T04:24:10,text,Cảm ơn mọi người.,CV0026
M00364,2026-03-18T11:12:42,text,Chào mọi người,CV0179
M00365,2026-04-01T17:27:52,text,Ai rảnh tối nay học cùng không?,CV0025
M00366,2026-02-22T05:05:36,text,Cho mình hỏi thêm phần này.,CV0054
M00367,2026-03-18T16:02:35,text,Mình vừa cập nhật file rồi.,CV0089
M00368,2026-03-18T14:05:07,text,Cho mình hỏi thêm phần này.,CV0054
M00369,2025-10-29T09:17:31,text,Mình vừa cập nhật file rồi.,CV0105
M00370,2026-03-07T18:42:23,text,Mình vừa cập nhật file rồi.,CV0153
M00371,2026-03-03T21:51:13,text,Cảm ơn mọi người.,CV0056
M00372,2026-02-14T19:39:06,file,https://example.com/message/m00372,CV0123
M00373,2025-12-17T04:06:11,text,Chào mọi người,CV0146
M00374,2026-03-16T19:22:24,file,https://example.com/message/m00374,CV0135
M00375,2026-03-19T06:34:47,text,Chào mọi người,CV0114
M00376,2026-03-26T20:25:18,image,https://example.com/message/m00376,CV0177
M00377,2026-01-12T06:56:28,text,Cảm ơn mọi người.,CV0109
M00378,2026-02-09T01:52:01,image,https://example.com/message/m00378,CV0071
M00379,2026-03-04T22:52:50,text,Ai rảnh tối nay học cùng không?,CV0068
M00380,2026-03-31T18:23:28,text,Mình vừa cập nhật file rồi.,CV0156
M00381,2025-09-05T16:34:51,text,Chào mọi người,CV0151
M00382,2026-02-20T22:19:12,text,Chào mọi người,CV0084
M00383,2026-03-09T14:35:53,text,Mình gửi tài liệu ở đây nhé,CV0158
M00384,2026-03-30T19:59:04,text,Mình vừa cập nhật file rồi.,CV0055
M00385,2025-12-08T20:58:42,text,Chào mọi người,CV0144
M00386,2026-03-08T18:46:14,file,https://example.com/message/m00386,CV0097
M00387,2026-03-23T06:51:16,text,Mình vừa cập nhật file rồi.,CV0110
M00388,2026-03-24T23:24:58,image,https://example.com/message/m00388,CV0060
M00389,2025-06-08T14:49:47,text,Cho mình hỏi thêm phần này.,CV0080
M00390,2026-01-29T10:30:15,image,https://example.com/message/m00390,CV0121
M00391,2025-11-15T07:05:07,text,Mình gửi tài liệu ở đây nhé,CV0168
M00392,2026-03-24T20:56:45,text,Mình vừa cập nhật file rồi.,CV0103
M00393,2026-02-08T01:09:59,text,Mình vừa cập nhật file rồi.,CV0083
M00394,2025-10-05T23:12:03,text,Ai rảnh tối nay học cùng không?,CV0011
M00395,2026-03-30T04:21:32,text,Mình gửi tài liệu ở đây nhé,CV0162
M00396,2026-02-01T05:05:08,text,Cho mình hỏi thêm phần này.,CV0011
M00397,2026-04-01T14:02:29,text,Chào mọi người,CV0017
M00398,2026-03-30T18:32:16,text,Mình gửi tài liệu ở đây nhé,CV0122
M00399,2026-03-25T09:18:35,text,Chào mọi người,CV0073
M00400,2026-04-01T00:48:30,text,Mình vừa cập nhật file rồi.,CV0149
M00401,2025-12-15T00:02:52,text,Ai rảnh tối nay học cùng không?,CV0033
M00402,2025-10-28T16:37:31,text,Ai rảnh tối nay học cùng không?,CV0056
M00403,2026-01-09T23:55:01,file,https://example.com/message/m00403,CV0002
M00404,2026-01-31T06:40:47,text,Cảm ơn mọi người.,CV0088
M00405,2026-03-08T10:25:00,text,Cho mình hỏi thêm phần này.,CV0035
M00406,2026-03-17T06:15:48,text,Ai rảnh tối nay học cùng không?,CV0128
M00407,2025-11-11T12:09:36,text,Mình gửi tài liệu ở đây nhé,CV0053
M00408,2026-03-31T01:01:19,text,Mình vừa cập nhật file rồi.,CV0122
M00409,2026-03-22T01:17:15,text,Chào mọi người,CV0160
M00410,2026-03-23T13:26:27,file,https://example.com/message/m00410,CV0087
M00411,2026-03-29T09:20:04,text,Cảm ơn mọi người.,CV0043
M00412,2026-03-13T11:20:17,image,https://example.com/message/m00412,CV0001
M00413,2026-03-24T01:42:13,text,Chào mọi người,CV0180
M00414,2026-03-25T08:22:45,text,Mình gửi tài liệu ở đây nhé,CV0163
M00415,2026-04-01T12:44:01,text,Mình gửi tài liệu ở đây nhé,CV0159
M00416,2026-03-22T22:12:06,image,https://example.com/message/m00416,CV0128
M00417,2026-03-07T12:28:23,image,https://example.com/message/m00417,CV0146
M00418,2026-04-01T10:42:57,text,Cảm ơn mọi người.,CV0013
M00419,2026-03-30T03:43:32,image,https://example.com/message/m00419,CV0129
M00420,2026-03-27T05:41:18,text,Ai rảnh tối nay học cùng không?,CV0179
M00421,2026-02-16T01:21:59,text,Mình gửi tài liệu ở đây nhé,CV0148
M00422,2026-03-27T04:41:28,text,Mình gửi tài liệu ở đây nhé,CV0177
M00423,2025-12-13T04:19:29,text,Chào mọi người,CV0146
M00424,2026-03-25T22:22:26,text,Mình gửi tài liệu ở đây nhé,CV0079
M00425,2026-03-10T01:45:56,text,Mình vừa cập nhật file rồi.,CV0020
M00426,2026-04-01T22:59:50,text,Mình gửi tài liệu ở đây nhé,CV0170
M00427,2026-02-28T15:09:22,image,https://example.com/message/m00427,CV0125
M00428,2026-02-22T13:06:40,text,Chào mọi người,CV0020
M00429,2026-03-01T01:20:04,text,Chào mọi người,CV0172
M00430,2026-03-27T21:49:39,text,Mình vừa cập nhật file rồi.,CV0091
M00431,2026-03-20T12:38:00,text,Ai rảnh tối nay học cùng không?,CV0152
M00432,2026-03-20T07:58:53,text,Mình vừa cập nhật file rồi.,CV0099
M00433,2026-03-29T00:21:42,file,https://example.com/message/m00433,CV0104
M00434,2025-05-08T01:18:34,text,Mình vừa cập nhật file rồi.,CV0076
M00435,2026-03-19T23:07:34,text,Ai rảnh tối nay học cùng không?,CV0094
M00436,2026-03-02T07:59:08,text,Chào mọi người,CV0139
M00437,2025-11-02T14:21:14,text,Cảm ơn mọi người.,CV0074
M00438,2026-02-26T03:51:00,text,Mình gửi tài liệu ở đây nhé,CV0165
M00439,2026-03-29T21:48:39,image,https://example.com/message/m00439,CV0054
M00440,2026-01-12T17:48:13,text,Mình vừa cập nhật file rồi.,CV0009
M00441,2026-03-18T08:56:39,text,Cho mình hỏi thêm phần này.,CV0143
M00442,2026-03-11T19:08:57,file,https://example.com/message/m00442,CV0081
M00443,2026-03-12T16:21:49,image,https://example.com/message/m00443,CV0044
M00444,2026-03-07T00:32:07,text,Mình vừa cập nhật file rồi.,CV0047
M00445,2026-03-29T16:50:38,text,Cho mình hỏi thêm phần này.,CV0151
M00446,2026-03-26T11:10:42,text,Cho mình hỏi thêm phần này.,CV0071
M00447,2026-01-22T10:18:40,text,Cảm ơn mọi người.,CV0047
M00448,2026-02-04T02:16:47,text,Cảm ơn mọi người.,CV0012
M00449,2026-03-29T02:33:27,file,https://example.com/message/m00449,CV0072
M00450,2026-03-27T08:27:15,text,Cảm ơn mọi người.,CV0154
M00451,2026-03-23T18:56:04,text,Mình gửi tài liệu ở đây nhé,CV0047
M00452,2026-03-28T22:09:30,text,Cho mình hỏi thêm phần này.,CV0157
M00453,2026-03-21T16:45:38,text,Chào mọi người,CV0036
M00454,2025-11-18T02:40:31,text,Cho mình hỏi thêm phần này.,CV0022
M00455,2026-03-14T09:39:25,text,Cho mình hỏi thêm phần này.,CV0039
M00456,2026-03-27T00:00:58,text,Cho mình hỏi thêm phần này.,CV0038
M00457,2025-11-17T12:12:02,image,https://example.com/message/m00457,CV0165
M00458,2025-11-14T08:25:24,file,https://example.com/message/m00458,CV0089
M00459,2026-01-22T14:15:54,text,Chào mọi người,CV0115
M00460,2026-03-22T12:38:35,file,https://example.com/message/m00460,CV0097
M00461,2026-03-24T23:27:13,image,https://example.com/message/m00461,CV0055
M00462,2026-02-05T00:03:10,text,Mình vừa cập nhật file rồi.,CV0098
M00463,2026-03-23T16:28:31,text,Cảm ơn mọi người.,CV0128
M00464,2026-03-30T21:13:41,image,https://example.com/message/m00464,CV0165
M00465,2026-03-31T19:06:20,text,Cảm ơn mọi người.,CV0082
M00466,2025-11-21T19:01:34,text,Mình gửi tài liệu ở đây nhé,CV0135
M00467,2026-03-31T19:37:45,text,Chào mọi người,CV0025
M00468,2025-08-14T17:55:22,text,Cho mình hỏi thêm phần này.,CV0005
M00469,2026-03-26T03:14:40,text,Mình vừa cập nhật file rồi.,CV0162
M00470,2026-04-01T22:19:07,text,Cảm ơn mọi người.,CV0078
M00471,2026-01-18T00:18:18,image,https://example.com/message/m00471,CV0010
M00472,2026-01-08T17:43:20,text,Mình gửi tài liệu ở đây nhé,CV0049
M00473,2026-02-05T07:05:47,file,https://example.com/message/m00473,CV0042
M00474,2026-04-01T14:23:43,text,Ai rảnh tối nay học cùng không?,CV0007
M00475,2026-03-31T23:03:16,text,Cho mình hỏi thêm phần này.,CV0177
M00476,2026-01-25T23:35:48,text,Chào mọi người,CV0161
M00477,2026-01-31T00:55:34,text,Mình gửi tài liệu ở đây nhé,CV0056
M00478,2026-03-01T03:24:58,text,Cho mình hỏi thêm phần này.,CV0123
M00479,2025-11-06T05:05:56,text,Mình gửi tài liệu ở đây nhé,CV0049
M00480,2026-03-30T05:29:48,text,Mình gửi tài liệu ở đây nhé,CV0091
M00481,2026-03-27T20:30:59,image,https://example.com/message/m00481,CV0149
M00482,2026-03-17T00:43:34,text,Mình vừa cập nhật file rồi.,CV0145
M00483,2026-04-01T03:49:24,text,Ai rảnh tối nay học cùng không?,CV0156
M00484,2026-03-29T02:01:52,text,Mình vừa cập nhật file rồi.,CV0013
M00485,2025-12-12T21:13:34,text,Mình vừa cập nhật file rồi.,CV0004
M00486,2026-04-01T02:59:37,text,Cho mình hỏi thêm phần này.,CV0118
M00487,2026-02-04T21:14:50,text,Chào mọi người,CV0146
M00488,2026-03-10T23:52:49,text,Cảm ơn mọi người.,CV0020
M00489,2026-03-06T03:06:12,text,Cảm ơn mọi người.,CV0103
M00490,2026-03-19T13:15:18,file,https://example.com/message/m00490,CV0014
M00491,2025-12-19T14:59:38,text,Cảm ơn mọi người.,CV0070
M00492,2026-02-22T09:46:32,text,Chào mọi người,CV0041
M00493,2026-03-30T08:06:24,text,Cảm ơn mọi người.,CV0054
M00494,2026-03-24T01:09:35,text,Cảm ơn mọi người.,CV0149
M00495,2025-03-10T17:46:11,text,Cho mình hỏi thêm phần này.,CV0021
M00496,2026-03-20T23:37:06,text,Chào mọi người,CV0014
M00497,2026-02-14T05:23:05,text,Cho mình hỏi thêm phần này.,CV0011
M00498,2026-02-08T21:52:35,text,Mình gửi tài liệu ở đây nhé,CV0085
M00499,2026-03-10T19:03:42,text,Chào mọi người,CV0161
M00500,2026-03-20T11:58:18,image,https://example.com/message/m00500,CV0179
M00501,2026-03-20T22:59:01,text,Cho mình hỏi thêm phần này.,CV0064
M00502,2025-12-12T11:11:56,text,Cảm ơn mọi người.,CV0098
M00503,2026-01-31T10:41:52,text,Ai rảnh tối nay học cùng không?,CV0002
M00504,2026-04-01T18:36:34,text,Ai rảnh tối nay học cùng không?,CV0016
M00505,2025-10-24T23:29:35,file,https://example.com/message/m00505,CV0033
M00506,2025-04-12T16:37:42,text,Cảm ơn mọi người.,CV0074
M00507,2026-03-04T08:02:56,text,Cảm ơn mọi người.,CV0063
M00508,2026-03-04T15:17:24,file,https://example.com/message/m00508,CV0096
M00509,2026-03-17T07:10:47,text,Cảm ơn mọi người.,CV0020
M00510,2026-03-01T15:34:28,text,Cảm ơn mọi người.,CV0044
M00511,2025-05-26T22:39:20,text,Mình vừa cập nhật file rồi.,CV0062
M00512,2025-11-18T04:22:32,text,Cho mình hỏi thêm phần này.,CV0155
M00513,2026-03-04T20:59:54,image,https://example.com/message/m00513,CV0068
M00514,2026-02-13T06:08:39,text,Mình gửi tài liệu ở đây nhé,CV0048
M00515,2026-04-01T22:04:31,image,https://example.com/message/m00515,CV0078
M00516,2025-10-01T10:04:42,text,Cảm ơn mọi người.,CV0028
M00517,2026-03-31T12:39:48,file,https://example.com/message/m00517,CV0163
M00518,2026-02-18T22:35:08,text,Chào mọi người,CV0161
M00519,2026-03-26T07:42:38,text,Cho mình hỏi thêm phần này.,CV0096
M00520,2026-02-20T21:26:34,text,Mình vừa cập nhật file rồi.,CV0136
M00521,2025-07-21T22:19:52,text,Cảm ơn mọi người.,CV0021
M00522,2026-01-22T17:33:57,text,Cảm ơn mọi người.,CV0121
M00523,2026-02-15T16:18:56,image,https://example.com/message/m00523,CV0066
M00524,2026-03-28T04:00:26,image,https://example.com/message/m00524,CV0082
M00525,2025-11-26T23:23:45,text,Cho mình hỏi thêm phần này.,CV0053
M00526,2025-12-18T15:22:55,text,Cho mình hỏi thêm phần này.,CV0166
M00527,2025-07-29T15:15:47,text,Ai rảnh tối nay học cùng không?,CV0119
M00528,2026-03-20T04:41:22,text,Cảm ơn mọi người.,CV0100
M00529,2026-03-19T23:51:26,text,Chào mọi người,CV0081
M00530,2026-04-01T06:33:01,text,Cảm ơn mọi người.,CV0099
M00531,2026-04-01T13:31:43,text,Chào mọi người,CV0118
M00532,2026-04-01T11:26:32,text,Cảm ơn mọi người.,CV0170
M00533,2026-03-27T05:05:46,text,Mình vừa cập nhật file rồi.,CV0085
M00534,2026-04-01T20:07:21,text,Cho mình hỏi thêm phần này.,CV0078
M00535,2025-11-27T19:04:50,text,Mình gửi tài liệu ở đây nhé,CV0088
M00536,2026-03-27T13:57:14,text,Mình vừa cập nhật file rồi.,CV0031
M00537,2025-06-27T00:47:58,text,Mình vừa cập nhật file rồi.,CV0026
M00538,2026-03-29T06:38:36,text,Cho mình hỏi thêm phần này.,CV0173
M00539,2026-03-18T19:24:49,text,Cho mình hỏi thêm phần này.,CV0079
M00540,2026-02-17T09:56:36,image,https://example.com/message/m00540,CV0077
M00541,2026-03-30T20:18:57,text,Mình vừa cập nhật file rồi.,CV0156
M00542,2026-02-10T23:37:33,text,Mình vừa cập nhật file rồi.,CV0147
M00543,2026-03-31T10:50:39,text,Mình gửi tài liệu ở đây nhé,CV0100
M00544,2026-03-15T15:13:04,text,Cảm ơn mọi người.,CV0066
M00545,2026-02-24T19:11:39,text,Cảm ơn mọi người.,CV0002
M00546,2026-03-20T06:29:40,text,Mình gửi tài liệu ở đây nhé,CV0009
M00547,2026-02-08T15:24:07,file,https://example.com/message/m00547,CV0168
M00548,2026-02-22T14:43:22,text,Cảm ơn mọi người.,CV0050
M00549,2025-08-24T21:23:35,text,Mình vừa cập nhật file rồi.,CV0151
M00550,2026-03-13T03:21:44,text,Chào mọi người,CV0127
M00551,2025-12-25T11:04:14,text,Chào mọi người,CV0136
M00552,2026-03-02T21:57:15,image,https://example.com/message/m00552,CV0076
M00553,2026-04-01T05:24:15,file,https://example.com/message/m00553,CV0132
M00554,2026-03-25T08:32:21,text,Ai rảnh tối nay học cùng không?,CV0041
M00555,2026-03-25T09:52:39,text,Mình vừa cập nhật file rồi.,CV0016
M00556,2025-09-08T07:44:06,text,Cho mình hỏi thêm phần này.,CV0051
M00557,2026-04-01T18:51:44,image,https://example.com/message/m00557,CV0159
M00558,2026-04-01T10:14:52,text,Cho mình hỏi thêm phần này.,CV0159
M00559,2026-03-15T23:18:46,image,https://example.com/message/m00559,CV0053
M00560,2026-03-06T22:10:05,text,Mình gửi tài liệu ở đây nhé,CV0093
M00561,2026-03-19T12:14:12,file,https://example.com/message/m00561,CV0087
M00562,2026-03-31T10:27:06,image,https://example.com/message/m00562,CV0032
M00563,2026-02-25T05:14:48,text,Mình gửi tài liệu ở đây nhé,CV0105
M00564,2026-03-15T17:49:59,text,Chào mọi người,CV0016
M00565,2026-03-29T05:36:54,image,https://example.com/message/m00565,CV0148
M00566,2025-04-10T10:08:17,image,https://example.com/message/m00566,CV0095
M00567,2026-02-13T22:19:58,text,Mình gửi tài liệu ở đây nhé,CV0146
M00568,2026-03-17T12:07:59,text,Mình gửi tài liệu ở đây nhé,CV0006
M00569,2026-02-07T00:13:47,text,Cảm ơn mọi người.,CV0077
M00570,2026-03-30T02:03:32,text,Chào mọi người,CV0086
M00571,2025-07-29T15:31:14,text,Mình gửi tài liệu ở đây nhé,CV0057
M00572,2025-07-05T10:44:42,text,Mình gửi tài liệu ở đây nhé,CV0007
M00573,2025-12-04T03:56:43,image,https://example.com/message/m00573,CV0154
M00574,2026-02-15T08:31:10,text,Mình gửi tài liệu ở đây nhé,CV0092
M00575,2026-03-07T02:29:29,text,Mình gửi tài liệu ở đây nhé,CV0041
M00576,2026-03-29T09:25:47,text,Mình vừa cập nhật file rồi.,CV0075
M00577,2026-02-12T10:21:31,file,https://example.com/message/m00577,CV0085
M00578,2026-03-01T07:12:09,text,Mình gửi tài liệu ở đây nhé,CV0054
M00579,2026-01-01T04:59:26,file,https://example.com/message/m00579,CV0011
M00580,2026-03-19T14:40:34,text,Cho mình hỏi thêm phần này.,CV0045
M00581,2026-04-01T04:29:03,text,Mình gửi tài liệu ở đây nhé,CV0082
M00582,2026-02-21T18:32:17,text,Ai rảnh tối nay học cùng không?,CV0041
M00583,2025-12-28T10:30:06,text,Mình vừa cập nhật file rồi.,CV0040
M00584,2026-03-31T16:58:07,text,Chào mọi người,CV0055
M00585,2025-11-27T21:47:08,text,Ai rảnh tối nay học cùng không?,CV0121
M00586,2026-03-04T13:08:05,text,Cảm ơn mọi người.,CV0068
M00587,2026-03-31T18:23:39,text,Mình vừa cập nhật file rồi.,CV0155
M00588,2026-02-16T04:55:47,text,Mình gửi tài liệu ở đây nhé,CV0148
M00589,2026-03-13T01:47:58,text,Chào mọi người,CV0167
M00590,2026-02-25T20:00:07,text,Mình gửi tài liệu ở đây nhé,CV0061
M00591,2025-12-11T09:01:39,text,Chào mọi người,CV0075
M00592,2026-03-29T02:57:13,image,https://example.com/message/m00592,CV0064
M00593,2026-04-01T08:42:45,text,Cho mình hỏi thêm phần này.,CV0016
M00594,2026-03-29T19:40:17,text,Chào mọi người,CV0041
M00595,2026-01-29T07:35:07,text,Mình gửi tài liệu ở đây nhé,CV0010
M00596,2026-03-20T13:07:22,text,Mình vừa cập nhật file rồi.,CV0162
M00597,2026-02-19T03:27:51,text,Mình vừa cập nhật file rồi.,CV0029
M00598,2025-11-01T16:27:15,image,https://example.com/message/m00598,CV0076
M00599,2026-03-24T04:13:04,text,Cho mình hỏi thêm phần này.,CV0134
M00600,2026-03-30T07:12:51,text,Mình vừa cập nhật file rồi.,CV0013
M00601,2026-03-31T08:43:22,text,Ai rảnh tối nay học cùng không?,CV0023
M00602,2025-12-16T19:41:54,text,Ai rảnh tối nay học cùng không?,CV0021
M00603,2025-10-08T11:58:54,text,Ai rảnh tối nay học cùng không?,CV0088
M00604,2026-02-19T23:56:03,text,Chào mọi người,CV0017
M00605,2026-03-31T12:51:53,image,https://example.com/message/m00605,CV0024
M00606,2026-01-04T20:49:01,file,https://example.com/message/m00606,CV0040
M00607,2026-03-07T11:03:14,text,Cảm ơn mọi người.,CV0087
M00608,2026-03-22T20:12:05,text,Ai rảnh tối nay học cùng không?,CV0030
M00609,2025-07-11T12:05:13,text,Chào mọi người,CV0022
M00610,2026-03-30T20:14:57,text,Cảm ơn mọi người.,CV0023
M00611,2025-10-14T19:06:18,text,Mình gửi tài liệu ở đây nhé,CV0011
M00612,2026-03-23T05:08:40,text,Cảm ơn mọi người.,CV0012
M00613,2026-03-31T20:04:15,text,Mình vừa cập nhật file rồi.,CV0132
M00614,2026-03-18T12:57:29,text,Mình vừa cập nhật file rồi.,CV0155
M00615,2026-03-21T19:05:41,text,Cho mình hỏi thêm phần này.,CV0035
M00616,2026-02-08T22:32:20,text,Mình vừa cập nhật file rồi.,CV0074
M00617,2026-03-28T10:26:40,text,Cảm ơn mọi người.,CV0068
M00618,2025-06-23T08:16:59,text,Cảm ơn mọi người.,CV0022
M00619,2025-12-02T08:19:13,text,Cảm ơn mọi người.,CV0166
M00620,2025-03-27T12:20:32,text,Cảm ơn mọi người.,CV0061
M00621,2026-02-11T21:16:18,image,https://example.com/message/m00621,CV0125
M00622,2026-01-21T10:11:08,text,Mình vừa cập nhật file rồi.,CV0120
M00623,2026-03-01T12:19:23,text,Cảm ơn mọi người.,CV0067
M00624,2025-12-31T01:47:21,image,https://example.com/message/m00624,CV0146
M00625,2026-03-31T14:39:13,text,Chào mọi người,CV0129
M00626,2026-03-31T19:40:51,text,Mình gửi tài liệu ở đây nhé,CV0134
M00627,2025-12-02T19:37:15,text,Mình gửi tài liệu ở đây nhé,CV0057
M00628,2026-03-24T19:28:50,text,Cho mình hỏi thêm phần này.,CV0043
M00629,2026-03-07T03:41:14,file,https://example.com/message/m00629,CV0133
M00630,2025-10-15T12:12:05,image,https://example.com/message/m00630,CV0053
M00631,2026-03-18T22:24:54,file,https://example.com/message/m00631,CV0042
M00632,2026-03-19T16:57:19,file,https://example.com/message/m00632,CV0037
M00633,2026-03-01T00:43:35,file,https://example.com/message/m00633,CV0050
M00634,2026-02-04T06:43:46,text,Mình vừa cập nhật file rồi.,CV0065
M00635,2026-03-16T16:23:24,text,Mình gửi tài liệu ở đây nhé,CV0107
M00636,2026-03-30T21:05:53,image,https://example.com/message/m00636,CV0177
M00637,2025-05-09T00:28:31,text,Ai rảnh tối nay học cùng không?,CV0061
M00638,2026-03-26T03:29:45,text,Mình gửi tài liệu ở đây nhé,CV0173
M00639,2026-03-04T02:18:32,text,Cho mình hỏi thêm phần này.,CV0050
M00640,2026-03-25T19:34:56,text,Cho mình hỏi thêm phần này.,CV0004
M00641,2026-03-20T23:17:58,text,Cảm ơn mọi người.,CV0153
M00642,2026-02-04T18:12:18,text,Mình vừa cập nhật file rồi.,CV0010
M00643,2026-04-01T04:07:17,text,Mình vừa cập nhật file rồi.,CV0014
M00644,2026-03-26T15:11:08,text,Ai rảnh tối nay học cùng không?,CV0019
M00645,2026-03-14T14:29:50,image,https://example.com/message/m00645,CV0106
M00646,2026-03-25T21:50:44,text,Chào mọi người,CV0037
M00647,2025-12-09T05:49:03,text,Chào mọi người,CV0047
M00648,2026-03-23T08:55:19,text,Mình gửi tài liệu ở đây nhé,CV0150
M00649,2026-03-28T08:14:48,text,Cảm ơn mọi người.,CV0143
M00650,2026-03-31T09:46:45,text,Ai rảnh tối nay học cùng không?,CV0132
M00651,2026-03-03T07:53:45,text,Mình gửi tài liệu ở đây nhé,CV0130
M00652,2026-03-29T20:37:39,file,https://example.com/message/m00652,CV0149
M00653,2026-03-14T02:58:26,text,Chào mọi người,CV0017
M00654,2026-01-24T22:53:35,image,https://example.com/message/m00654,CV0136
M00655,2026-02-01T01:44:03,image,https://example.com/message/m00655,CV0080
M00656,2026-03-06T23:00:41,text,Cảm ơn mọi người.,CV0089
M00657,2025-12-29T14:59:48,image,https://example.com/message/m00657,CV0103
M00658,2026-01-27T05:32:10,text,Mình gửi tài liệu ở đây nhé,CV0008
M00659,2026-03-10T14:03:54,image,https://example.com/message/m00659,CV0052
M00660,2026-03-30T15:15:16,text,Mình gửi tài liệu ở đây nhé,CV0179
M00661,2026-03-21T08:17:44,text,Mình gửi tài liệu ở đây nhé,CV0180
M00662,2025-10-14T03:57:54,text,Cảm ơn mọi người.,CV0024
M00663,2026-03-16T08:21:28,text,Cảm ơn mọi người.,CV0144
M00664,2026-03-17T12:07:19,text,Mình vừa cập nhật file rồi.,CV0143
M00665,2026-03-23T04:22:46,text,Chào mọi người,CV0134
M00666,2025-10-03T18:34:16,text,Cho mình hỏi thêm phần này.,CV0075
M00667,2026-02-03T06:20:38,text,Chào mọi người,CV0095
M00668,2026-03-29T22:12:31,text,Ai rảnh tối nay học cùng không?,CV0105
M00669,2026-03-29T08:02:20,text,Chào mọi người,CV0039
M00670,2026-03-06T01:31:27,image,https://example.com/message/m00670,CV0097
M00671,2026-03-08T08:35:34,text,Mình gửi tài liệu ở đây nhé,CV0056
M00672,2025-10-12T17:28:53,text,Cho mình hỏi thêm phần này.,CV0056
M00673,2026-02-08T06:34:49,text,Chào mọi người,CV0174
M00674,2026-02-04T15:00:30,text,Ai rảnh tối nay học cùng không?,CV0161
M00675,2026-03-21T21:16:03,text,Cảm ơn mọi người.,CV0087
M00676,2026-01-28T11:42:29,text,Cảm ơn mọi người.,CV0069
M00677,2026-03-29T23:26:38,text,Cho mình hỏi thêm phần này.,CV0131
M00678,2025-09-21T08:34:58,text,Mình vừa cập nhật file rồi.,CV0116
M00679,2026-04-01T19:09:23,text,Chào mọi người,CV0078
M00680,2026-02-28T08:59:18,text,Cho mình hỏi thêm phần này.,CV0115
M00681,2025-06-22T08:39:14,text,Ai rảnh tối nay học cùng không?,CV0046
M00682,2025-05-25T21:51:40,text,Mình gửi tài liệu ở đây nhé,CV0125
M00683,2026-04-01T18:37:41,text,Cho mình hỏi thêm phần này.,CV0025
M00684,2025-10-24T02:16:57,text,Chào mọi người,CV0095
M00685,2026-03-20T06:12:51,text,Mình gửi tài liệu ở đây nhé,CV0143
M00686,2026-04-01T11:09:40,text,Mình gửi tài liệu ở đây nhé,CV0108
M00687,2026-03-24T20:41:19,text,Cảm ơn mọi người.,CV0177
M00688,2026-03-14T00:21:06,text,Chào mọi người,CV0002
M00689,2026-03-31T09:04:30,text,Chào mọi người,CV0023
M00690,2025-07-10T04:46:19,text,Chào mọi người,CV0024
M00691,2026-02-09T22:44:36,text,Mình gửi tài liệu ở đây nhé,CV0018
M00692,2025-10-19T18:42:39,text,Mình vừa cập nhật file rồi.,CV0080
M00693,2026-03-20T01:31:13,text,Cho mình hỏi thêm phần này.,CV0055
M00694,2026-03-14T22:28:52,text,Ai rảnh tối nay học cùng không?,CV0165
M00695,2026-03-11T23:45:32,text,Mình vừa cập nhật file rồi.,CV0079
M00696,2025-11-13T02:39:59,text,Mình vừa cập nhật file rồi.,CV0126
M00697,2026-04-01T19:35:23,text,Cảm ơn mọi người.,CV0163
M00698,2025-12-24T00:00:07,text,Ai rảnh tối nay học cùng không?,CV0145
M00699,2025-12-29T15:55:33,text,Mình gửi tài liệu ở đây nhé,CV0144
M00700,2026-03-25T20:29:45,image,https://example.com/message/m00700,CV0055
M00701,2026-03-11T03:25:17,text,Cho mình hỏi thêm phần này.,CV0084
M00702,2026-02-18T00:08:41,text,Mình gửi tài liệu ở đây nhé,CV0071
M00703,2026-02-28T06:02:42,text,Ai rảnh tối nay học cùng không?,CV0006
M00704,2026-03-31T07:48:15,text,Cảm ơn mọi người.,CV0177
M00705,2026-03-07T10:34:35,text,Cho mình hỏi thêm phần này.,CV0147
M00706,2026-03-31T15:19:47,text,Mình vừa cập nhật file rồi.,CV0055
M00707,2026-03-10T00:44:15,text,Ai rảnh tối nay học cùng không?,CV0050
M00708,2025-12-07T09:20:08,text,Cảm ơn mọi người.,CV0155
M00709,2026-03-30T22:27:06,text,Chào mọi người,CV0141
M00710,2026-03-22T11:01:21,text,Chào mọi người,CV0144
M00711,2026-03-28T16:43:34,file,https://example.com/message/m00711,CV0149
M00712,2026-04-01T06:09:42,text,Ai rảnh tối nay học cùng không?,CV0139
M00713,2026-03-27T03:25:47,text,Mình vừa cập nhật file rồi.,CV0169
M00714,2026-03-16T08:00:17,text,Mình gửi tài liệu ở đây nhé,CV0114
M00715,2026-02-27T17:48:22,text,Cho mình hỏi thêm phần này.,CV0039
M00716,2025-12-12T16:13:33,text,Cảm ơn mọi người.,CV0161
M00717,2026-02-24T08:55:29,text,Ai rảnh tối nay học cùng không?,CV0020
M00718,2026-03-12T12:35:16,text,Chào mọi người,CV0006
M00719,2026-03-25T11:08:18,text,Cảm ơn mọi người.,CV0093
M00720,2025-06-07T21:21:34,text,Mình gửi tài liệu ở đây nhé,CV0007
M00721,2026-03-29T02:23:05,text,Chào mọi người,CV0117
M00722,2026-01-04T03:16:39,text,Chào mọi người,CV0018
M00723,2026-04-01T04:19:08,image,https://example.com/message/m00723,CV0163
M00724,2026-02-13T08:18:29,text,Cảm ơn mọi người.,CV0058
M00725,2026-01-13T12:11:57,text,Mình vừa cập nhật file rồi.,CV0024
M00726,2025-12-18T10:01:09,text,Cảm ơn mọi người.,CV0056
M00727,2026-02-20T04:28:41,image,https://example.com/message/m00727,CV0148
M00728,2026-02-03T18:25:58,image,https://example.com/message/m00728,CV0161
M00729,2026-03-24T11:42:01,text,Mình vừa cập nhật file rồi.,CV0064
M00730,2026-03-28T22:36:26,file,https://example.com/message/m00730,CV0118
M00731,2026-03-28T20:37:17,text,Mình gửi tài liệu ở đây nhé,CV0094
M00732,2026-01-30T02:38:16,image,https://example.com/message/m00732,CV0012
M00733,2025-08-23T10:32:25,text,Cho mình hỏi thêm phần này.,CV0007
M00734,2026-03-23T20:40:54,text,Mình gửi tài liệu ở đây nhé,CV0038
M00735,2026-03-31T09:03:38,text,Ai rảnh tối nay học cùng không?,CV0037
M00736,2026-03-23T07:01:25,text,Mình vừa cập nhật file rồi.,CV0039
M00737,2026-02-28T01:01:35,text,Cho mình hỏi thêm phần này.,CV0086
M00738,2026-03-28T14:16:38,text,Cảm ơn mọi người.,CV0110
M00739,2026-03-12T12:58:22,file,https://example.com/message/m00739,CV0018
M00740,2025-09-28T09:35:03,image,https://example.com/message/m00740,CV0022
M00741,2026-03-27T00:16:06,text,Chào mọi người,CV0114
M00742,2025-12-31T17:27:13,text,Cảm ơn mọi người.,CV0136
M00743,2026-04-01T22:58:02,text,Cho mình hỏi thêm phần này.,CV0108
M00744,2026-01-15T19:05:48,file,https://example.com/message/m00744,CV0003
M00745,2026-03-29T14:10:12,text,Mình gửi tài liệu ở đây nhé,CV0108
M00746,2026-03-28T02:36:13,text,Cho mình hỏi thêm phần này.,CV0179
M00747,2026-04-01T18:55:06,text,Ai rảnh tối nay học cùng không?,CV0090
M00748,2026-03-31T05:55:36,text,Cảm ơn mọi người.,CV0050
M00749,2026-03-31T05:18:56,text,Cho mình hỏi thêm phần này.,CV0132
M00750,2026-03-06T15:41:19,text,Cho mình hỏi thêm phần này.,CV0171
M00751,2026-03-27T22:33:31,text,Mình vừa cập nhật file rồi.,CV0050
M00752,2025-12-09T11:07:13,text,Cảm ơn mọi người.,CV0144
M00753,2025-09-16T05:24:31,text,Cho mình hỏi thêm phần này.,CV0057
M00754,2026-02-14T05:16:02,image,https://example.com/message/m00754,CV0109
M00755,2026-03-31T17:58:15,text,Cho mình hỏi thêm phần này.,CV0132
M00756,2026-02-06T05:53:31,text,Cảm ơn mọi người.,CV0093
M00757,2026-03-26T04:14:57,text,Cho mình hỏi thêm phần này.,CV0169
M00758,2026-02-23T20:36:06,text,Mình gửi tài liệu ở đây nhé,CV0097
M00759,2026-02-28T13:32:58,text,Ai rảnh tối nay học cùng không?,CV0035
M00760,2026-03-24T23:01:08,text,Cảm ơn mọi người.,CV0037
M00761,2026-03-31T18:34:34,text,Cho mình hỏi thêm phần này.,CV0134
M00762,2026-01-23T13:03:50,text,Mình vừa cập nhật file rồi.,CV0056
M00763,2025-10-09T09:18:09,file,https://example.com/message/m00763,CV0112
M00764,2026-03-23T13:41:25,text,Mình vừa cập nhật file rồi.,CV0032
M00765,2025-10-15T10:46:53,text,Ai rảnh tối nay học cùng không?,CV0061
M00766,2026-03-17T07:44:15,text,Chào mọi người,CV0108
M00767,2026-03-19T06:56:56,text,Mình gửi tài liệu ở đây nhé,CV0161
M00768,2026-03-31T09:35:48,image,https://example.com/message/m00768,CV0019
M00769,2026-03-31T19:06:21,text,Chào mọi người,CV0143
M00770,2026-03-18T12:04:14,text,Ai rảnh tối nay học cùng không?,CV0143
M00771,2026-03-28T07:56:36,text,Ai rảnh tối nay học cùng không?,CV0113
M00772,2026-03-24T10:14:09,text,Cho mình hỏi thêm phần này.,CV0138
M00773,2026-03-29T04:38:27,text,Chào mọi người,CV0111
M00774,2024-12-10T16:43:53,text,Mình vừa cập nhật file rồi.,CV0021
M00775,2026-04-01T18:36:50,file,https://example.com/message/m00775,CV0132
M00776,2026-03-25T03:19:52,text,Mình vừa cập nhật file rồi.,CV0044
M00777,2026-01-15T07:04:29,text,Chào mọi người,CV0047
M00778,2026-02-21T13:13:28,image,https://example.com/message/m00778,CV0044
M00779,2026-03-13T06:52:22,text,Mình vừa cập nhật file rồi.,CV0094
M00780,2026-03-30T21:56:57,text,Ai rảnh tối nay học cùng không?,CV0172
M00781,2026-02-05T01:02:42,text,Cảm ơn mọi người.,CV0154
M00782,2026-03-04T07:58:20,text,Ai rảnh tối nay học cùng không?,CV0063
M00783,2026-02-27T14:08:29,text,Mình vừa cập nhật file rồi.,CV0112
M00784,2026-02-19T12:09:00,text,Mình vừa cập nhật file rồi.,CV0054
M00785,2026-03-13T04:09:05,text,Mình gửi tài liệu ở đây nhé,CV0153
M00786,2026-02-18T05:56:01,text,Mình vừa cập nhật file rồi.,CV0171
M00787,2025-11-25T07:39:12,text,Mình gửi tài liệu ở đây nhé,CV0075
M00788,2026-03-18T00:20:12,text,Mình gửi tài liệu ở đây nhé,CV0097
M00789,2025-06-07T00:18:20,text,Mình vừa cập nhật file rồi.,CV0026
M00790,2026-03-19T15:49:35,image,https://example.com/message/m00790,CV0019
M00791,2026-04-01T16:14:48,image,https://example.com/message/m00791,CV0167
M00792,2026-03-23T13:29:19,image,https://example.com/message/m00792,CV0152
M00793,2026-04-01T18:24:20,text,Chào mọi người,CV0122
M00794,2026-03-14T03:41:44,text,Mình vừa cập nhật file rồi.,CV0047
M00795,2026-01-22T12:09:44,text,Chào mọi người,CV0166
M00796,2025-04-08T09:32:16,text,Ai rảnh tối nay học cùng không?,CV0061
M00797,2026-03-29T20:44:58,image,https://example.com/message/m00797,CV0100
M00798,2025-11-11T14:22:43,text,Cho mình hỏi thêm phần này.,CV0127
M00799,2026-01-08T18:48:00,text,Mình vừa cập nhật file rồi.,CV0086
M00800,2026-02-02T03:35:54,text,Ai rảnh tối nay học cùng không?,CV0085
M00801,2026-03-29T16:32:35,text,Mình vừa cập nhật file rồi.,CV0082
M00802,2026-02-21T23:55:33,text,Ai rảnh tối nay học cùng không?,CV0123
M00803,2025-11-02T08:49:20,text,Cảm ơn mọi người.,CV0021
M00804,2026-01-23T16:23:56,image,https://example.com/message/m00804,CV0070
M00805,2026-03-28T06:46:15,text,Cho mình hỏi thêm phần này.,CV0108
M00806,2026-03-29T09:09:04,text,Mình gửi tài liệu ở đây nhé,CV0178
M00807,2025-02-19T05:08:23,text,Mình gửi tài liệu ở đây nhé,CV0007
M00808,2026-02-13T20:55:08,text,Chào mọi người,CV0157
M00809,2026-03-18T21:54:20,text,Mình vừa cập nhật file rồi.,CV0160
M00810,2026-03-19T15:49:18,image,https://example.com/message/m00810,CV0064
M00811,2025-07-17T21:13:22,text,Cảm ơn mọi người.,CV0095
M00812,2026-04-01T16:08:11,text,Chào mọi người,CV0078
M00813,2026-01-31T09:00:01,text,Chào mọi người,CV0049
M00814,2025-12-10T02:28:56,image,https://example.com/message/m00814,CV0021
M00815,2026-03-18T02:04:33,text,Mình vừa cập nhật file rồi.,CV0160
M00816,2025-11-21T05:41:43,text,Cho mình hỏi thêm phần này.,CV0127
M00817,2026-01-28T00:30:40,text,Mình gửi tài liệu ở đây nhé,CV0069
M00818,2026-04-01T15:48:26,text,Chào mọi người,CV0134
M00819,2025-11-02T10:00:23,image,https://example.com/message/m00819,CV0126
M00820,2026-03-27T01:26:02,text,Mình vừa cập nhật file rồi.,CV0135
M00821,2026-04-01T00:06:18,text,Mình vừa cập nhật file rồi.,CV0111
M00822,2026-03-05T04:29:54,text,Ai rảnh tối nay học cùng không?,CV0096
M00823,2025-12-31T06:59:05,image,https://example.com/message/m00823,CV0021
M00824,2025-09-29T03:48:59,text,Cho mình hỏi thêm phần này.,CV0053
M00825,2026-03-24T23:14:27,text,Ai rảnh tối nay học cùng không?,CV0073
M00826,2026-03-29T06:16:26,text,Cảm ơn mọi người.,CV0045
M00827,2026-02-08T07:35:36,text,Cảm ơn mọi người.,CV0088
M00828,2026-02-01T02:22:44,text,Mình gửi tài liệu ở đây nhé,CV0146
M00829,2026-03-29T21:29:41,text,Mình vừa cập nhật file rồi.,CV0131
M00830,2026-04-01T16:30:52,text,Mình gửi tài liệu ở đây nhé,CV0159
M00831,2025-11-26T08:08:03,text,Chào mọi người,CV0024
M00832,2026-03-30T13:15:27,text,Chào mọi người,CV0057
M00833,2026-03-12T03:21:52,text,Mình gửi tài liệu ở đây nhé,CV0079
M00834,2026-02-25T11:26:40,text,Cho mình hỏi thêm phần này.,CV0044
M00835,2025-08-03T03:24:36,text,Mình vừa cập nhật file rồi.,CV0018
M00836,2026-03-26T17:07:54,text,Cảm ơn mọi người.,CV0017
M00837,2026-03-26T04:34:12,text,Mình gửi tài liệu ở đây nhé,CV0173
M00838,2025-05-23T10:00:45,text,Chào mọi người,CV0026
M00839,2026-03-28T01:31:25,text,Cho mình hỏi thêm phần này.,CV0178
M00840,2025-11-15T07:52:36,text,Chào mọi người,CV0022
M00841,2025-02-10T21:54:05,image,https://example.com/message/m00841,CV0021
M00842,2026-03-19T20:55:00,text,Chào mọi người,CV0158
M00843,2025-12-22T14:09:37,text,Mình vừa cập nhật file rồi.,CV0012
M00844,2026-03-25T11:27:33,text,Ai rảnh tối nay học cùng không?,CV0136
M00845,2026-01-27T07:08:43,text,Chào mọi người,CV0022
M00846,2025-10-16T08:34:55,text,Chào mọi người,CV0116
M00847,2026-01-15T09:07:45,text,Mình gửi tài liệu ở đây nhé,CV0047
M00848,2026-02-21T22:52:19,text,Cảm ơn mọi người.,CV0085
M00849,2026-03-13T15:33:37,text,Cảm ơn mọi người.,CV0117
M00850,2026-02-09T21:17:01,file,https://example.com/message/m00850,CV0076
M00851,2026-02-26T15:31:01,text,Chào mọi người,CV0171
M00852,2026-02-05T10:50:35,image,https://example.com/message/m00852,CV0035
M00853,2026-03-22T17:53:30,text,Chào mọi người,CV0180
M00854,2026-03-31T08:34:50,text,Ai rảnh tối nay học cùng không?,CV0129
M00855,2026-01-04T06:16:25,text,Mình gửi tài liệu ở đây nhé,CV0075
M00856,2026-03-20T20:17:59,text,Chào mọi người,CV0130
M00857,2026-02-21T09:37:42,text,Mình vừa cập nhật file rồi.,CV0167
M00858,2026-03-27T03:42:48,file,https://example.com/message/m00858,CV0128
M00859,2026-01-05T21:57:55,text,Ai rảnh tối nay học cùng không?,CV0033
M00860,2026-03-11T03:35:41,text,Cho mình hỏi thêm phần này.,CV0133
M00861,2026-03-19T12:52:27,text,Cảm ơn mọi người.,CV0038
M00862,2026-02-21T07:45:04,text,Chào mọi người,CV0130
M00863,2026-03-22T21:14:50,text,Mình gửi tài liệu ở đây nhé,CV0030
M00864,2026-03-20T18:32:07,text,Mình gửi tài liệu ở đây nhé,CV0108
M00865,2025-08-17T05:14:23,text,Cho mình hỏi thêm phần này.,CV0095
M00866,2026-03-24T21:01:10,text,Cho mình hỏi thêm phần này.,CV0138
M00867,2025-11-11T11:07:54,text,Ai rảnh tối nay học cùng không?,CV0057
M00868,2025-09-11T08:15:11,text,Cảm ơn mọi người.,CV0028
M00869,2026-03-29T00:33:12,text,Mình vừa cập nhật file rồi.,CV0158
M00870,2025-12-30T19:26:45,text,Mình vừa cập nhật file rồi.,CV0119
M00871,2026-02-27T22:40:41,text,Ai rảnh tối nay học cùng không?,CV0029
M00872,2026-02-20T06:48:20,image,https://example.com/message/m00872,CV0089
M00873,2026-03-20T01:06:49,image,https://example.com/message/m00873,CV0150
M00874,2026-03-16T17:31:09,text,Cảm ơn mọi người.,CV0096
M00875,2025-11-12T00:10:56,text,Ai rảnh tối nay học cùng không?,CV0057
M00876,2026-02-26T07:27:00,text,Chào mọi người,CV0093
M00877,2026-03-23T03:31:59,text,Cho mình hỏi thêm phần này.,CV0139
M00878,2026-03-14T07:41:28,text,Chào mọi người,CV0064
M00879,2026-02-28T18:22:51,file,https://example.com/message/m00879,CV0083
M00880,2026-04-01T02:24:36,image,https://example.com/message/m00880,CV0103
M00881,2026-03-31T11:46:19,text,Cảm ơn mọi người.,CV0019
M00882,2026-03-05T23:37:25,text,Cho mình hỏi thêm phần này.,CV0092
M00883,2026-03-17T07:52:02,text,Mình vừa cập nhật file rồi.,CV0037
M00884,2026-03-24T00:20:13,text,Chào mọi người,CV0037
M00885,2026-02-17T08:47:45,text,Cho mình hỏi thêm phần này.,CV0092
M00886,2026-04-01T05:40:00,text,Cảm ơn mọi người.,CV0118
M00887,2026-03-15T00:05:32,text,Cảm ơn mọi người.,CV0046
M00888,2026-03-20T08:54:27,text,Mình gửi tài liệu ở đây nhé,CV0099
M00889,2026-03-13T23:51:03,text,Chào mọi người,CV0097
M00890,2026-03-20T06:31:19,text,Ai rảnh tối nay học cùng không?,CV0068
M00891,2026-01-21T04:06:42,text,Cảm ơn mọi người.,CV0086
M00892,2026-01-03T05:13:25,text,Cho mình hỏi thêm phần này.,CV0057
M00893,2026-03-26T01:58:05,image,https://example.com/message/m00893,CV0158
M00894,2026-03-25T04:54:00,text,Cảm ơn mọi người.,CV0142
M00895,2026-01-29T01:14:00,text,Cảm ơn mọi người.,CV0004
M00896,2026-03-31T05:40:42,text,Cảm ơn mọi người.,CV0060
M00897,2025-10-05T06:24:52,file,https://example.com/message/m00897,CV0172
M00898,2026-03-16T11:45:39,text,Ai rảnh tối nay học cùng không?,CV0172
M00899,2026-02-18T03:59:30,text,Cho mình hỏi thêm phần này.,CV0030
M00900,2025-05-03T02:07:11,text,Mình vừa cập nhật file rồi.,CV0005
