storyId,createdAt,expiresAt,mediaUrl,isActive,type,content
S0001,2025-12-24T11:41:22,2025-12-25T11:41:22,https://example.com/story/s0001.jpg,false,image,
S0002,2024-12-11T07:14:58,2024-12-12T07:14:58,https://example.com/story/s0002.jpg,false,text,Story cập nhật nhanh.
S0003,2025-05-02T18:37:27,2025-05-03T18:37:27,https://example.com/story/s0003.jpg,false,text,Story cập nhật nhanh.
S0004,2025-10-13T10:30:14,2025-10-14T10:30:14,https://example.com/story/s0004.jpg,false,text,Story cập nhật nhanh.
S0005,2026-03-28T06:53:54,2026-03-29T06:53:54,https://example.com/story/s0005.jpg,false,text,Story cập nhật nhanh.
S0006,2025-11-05T07:48:49,2025-11-06T07:48:49,https://example.com/story/s0006.jpg,false,image,
S0007,2026-03-05T04:08:47,2026-03-06T04:08:47,https://example.com/story/s0007.jpg,false,text,Story cập nhật nhanh.
S0008,2026-01-02T11:49:24,2026-01-03T11:49:24,https://example.com/story/s0008.jpg,false,text,Story cập nhật nhanh.
S0009,2025-06-20T05:50:04,2025-06-21T05:50:04,https://example.com/story/s0009.jpg,false,text,Story cập nhật nhanh.
S0010,2025-10-11T10:53:56,2025-10-12T10:53:56,https://example.com/story/s0010.jpg,false,text,Story cập nhật nhanh.
S0011,2024-08-17T15:18:12,2024-08-18T15:18:12,https://example.com/story/s0011.jpg,false,text,Story cập nhật nhanh.
S0012,2025-10-14T12:46:59,2025-10-15T12:46:59,https://example.com/story/s0012.jpg,false,text,Story cập nhật nhanh.
S0013,2024-10-16T15:33:18,2024-10-17T15:33:18,https://example.com/story/s0013.jpg,false,text,Story cập nhật nhanh.
S0014,2025-07-22T00:16:47,2025-07-23T00:16:47,https://example.com/story/s0014.jpg,false,image,
S0015,2026-03-05T15:52:59,2026-03-06T15:52:59,https://example.com/story/s0015.jpg,false,text,Story cập nhật nhanh.
S0016,2025-08-19T06:30:54,2025-08-20T06:30:54,https://example.com/story/s0016.jpg,false,text,Story cập nhật nhanh.
S0017,2025-12-13T10:07:22,2025-12-14T10:07:22,https://example.com/story/s0017.jpg,false,image,
S0018,2025-06-24T19:12:31,2025-06-25T19:12:31,https://example.com/story/s0018.jpg,false,image,
S0019,2026-02-26T22:21:31,2026-02-27T22:21:31,https://example.com/story/s0019.jpg,false,image,
S0020,2025-11-06T07:23:22,2025-11-07T07:23:22,https://example.com/story/s0020.jpg,false,image,
S0021,2025-04-14T20:09:17,2025-04-15T20:09:17,https://example.com/story/s0021.jpg,false,text,Story cập nhật nhanh.
S0022,2025-08-14T07:45:36,2025-08-15T07:45:36,https://example.com/story/s0022.jpg,false,image,
S0023,2025-12-19T00:30:07,2025-12-20T00:30:07,https://example.com/story/s0023.jpg,false,text,Story cập nhật nhanh.
S0024,2026-02-25T02:24:25,2026-02-26T02:24:25,https://example.com/story/s0024.jpg,false,image,
S0025,2024-02-19T11:02:45,2024-02-20T11:02:45,https://example.com/story/s0025.jpg,false,text,Story cập nhật nhanh.
S0026,2024-11-03T02:07:15,2024-11-04T02:07:15,https://example.com/story/s0026.jpg,false,text,Story cập nhật nhanh.
S0027,2026-02-04T04:37:31,2026-02-05T04:37:31,https://example.com/story/s0027.jpg,false,image,
S0028,2026-02-11T12:17:52,2026-02-12T12:17:52,https://example.com/story/s0028.jpg,false,text,Story cập nhật nhanh.
S0029,2026-01-19T02:45:25,2026-01-20T02:45:25,https://example.com/story/s0029.jpg,false,text,Story cập nhật nhanh.
S0030,2025-03-01T11:21:31,2025-03-02T11:21:31,https://example.com/story/s0030.jpg,false,image,
S0031,2025-07-11T15:57:03,2025-07-12T15:57:03,https://example.com/story/s0031.jpg,false,image,
S0032,2025-08-30T06:40:30,2025-08-31T06:40:30,https://example.com/story/s0032.jpg,false,text,Story cập nhật nhanh.
S0033,2026-01-05T08:07:23,2026-01-06T08:07:23,https://example.com/story/s0033.jpg,false,text,Story cập nhật nhanh.
S0034,2026-02-26T02:47:23,2026-02-27T02:47:23,https://example.com/story/s0034.jpg,false,image,
S0035,2024-05-30T15:22:21,2024-05-31T15:22:21,https://example.com/story/s0035.jpg,false,text,Story cập nhật nhanh.
S0036,2024-06-17T15:14:27,2024-06-18T15:14:27,https://example.com/story/s0036.jpg,false,text,Story cập nhật nhanh.
S0037,2026-03-20T16:32:09,2026-03-21T16:32:09,https://example.com/story/s0037.jpg,false,image,
S0038,2026-03-10T23:49:39,2026-03-11T23:49:39,https://example.com/story/s0038.jpg,false,text,Story cập nhật nhanh.
S0039,2025-05-01T17:53:13,2025-05-02T17:53:13,https://example.com/story/s0039.jpg,false,image,
S0040,2025-12-09T18:05:36,2025-12-10T18:05:36,https://example.com/story/s0040.jpg,false,image,
S0041,2026-03-24T02:41:21,2026-03-25T02:41:21,https://example.com/story/s0041.jpg,false,text,Story cập nhật nhanh.
S0042,2026-02-16T11:10:03,2026-02-17T11:10:03,https://example.com/story/s0042.jpg,false,image,
S0043,2025-04-21T11:07:12,2025-04-22T11:07:12,https://example.com/story/s0043.jpg,false,text,Story cập nhật nhanh.
S0044,2026-01-01T15:17:37,2026-01-02T15:17:37,https://example.com/story/s0044.jpg,false,text,Story cập nhật nhanh.
S0045,2025-04-22T19:53:45,2025-04-23T19:53:45,https://example.com/story/s0045.jpg,false,image,
S0046,2026-01-21T06:34:01,2026-01-22T06:34:01,https://example.com/story/s0046.jpg,false,text,Story cập nhật nhanh.
S0047,2025-01-20T17:36:41,2025-01-21T17:36:41,https://example.com/story/s0047.jpg,false,text,Story cập nhật nhanh.
S0048,2024-09-28T10:56:21,2024-09-29T10:56:21,https://example.com/story/s0048.jpg,false,image,
S0049,2025-11-18T06:16:09,2025-11-19T06:16:09,https://example.com/story/s0049.jpg,false,text,Story cập nhật nhanh.
S0050,2024-10-10T03:31:37,2024-10-11T03:31:37,https://example.com/story/s0050.jpg,false,image,
S0051,2025-11-14T12:42:37,2025-11-15T12:42:37,https://example.com/story/s0051.jpg,false,text,Story cập nhật nhanh.
S0052,2025-10-09T16:19:45,2025-10-10T16:19:45,https://example.com/story/s0052.jpg,false,image,
S0053,2025-10-07T16:42:42,2025-10-08T16:42:42,https://example.com/story/s0053.jpg,false,image,
S0054,2025-11-19T00:52:17,2025-11-20T00:52:17,https://example.com/story/s0054.jpg,false,image,
S0055,2025-09-27T16:31:51,2025-09-28T16:31:51,https://example.com/story/s0055.jpg,false,image,
S0056,2026-02-17T19:51:09,2026-02-18T19:51:09,https://example.com/story/s0056.jpg,false,text,Story cập nhật nhanh.
S0057,2024-07-08T07:35:57,2024-07-09T07:35:57,https://example.com/story/s0057.jpg,false,image,
S0058,2025-07-17T01:20:20,2025-07-18T01:20:20,https://example.com/story/s0058.jpg,false,image,
S0059,2026-02-14T12:50:29,2026-02-15T12:50:29,https://example.com/story/s0059.jpg,false,text,Story cập nhật nhanh.
S0060,2025-09-23T10:46:07,2025-09-24T10:46:07,https://example.com/story/s0060.jpg,false,image,
S0061,2024-08-11T13:57:16,2024-08-12T13:57:16,https://example.com/story/s0061.jpg,false,image,
S0062,2025-10-27T14:42:58,2025-10-28T14:42:58,https://example.com/story/s0062.jpg,false,text,Story cập nhật nhanh.
S0063,2025-04-30T21:43:40,2025-05-01T21:43:40,https://example.com/story/s0063.jpg,false,text,Story cập nhật nhanh.
S0064,2025-11-12T09:32:02,2025-11-13T09:32:02,https://example.com/story/s0064.jpg,false,image,
S0065,2025-10-25T02:42:06,2025-10-26T02:42:06,https://example.com/story/s0065.jpg,false,image,
S0066,2025-05-19T02:16:00,2025-05-20T02:16:00,https://example.com/story/s0066.jpg,false,image,
S0067,2026-03-12T19:04:38,2026-03-13T19:04:38,https://example.com/story/s0067.jpg,false,image,
S0068,2026-02-14T10:50:12,2026-02-15T10:50:12,https://example.com/story/s0068.jpg,false,image,
S0069,2025-12-15T03:45:08,2025-12-16T03:45:08,https://example.com/story/s0069.jpg,false,image,
S0070,2026-02-02T02:55:27,2026-02-03T02:55:27,https://example.com/story/s0070.jpg,false,image,
S0071,2026-02-21T12:33:02,2026-02-22T12:33:02,https://example.com/story/s0071.jpg,false,text,Story cập nhật nhanh.
S0072,2025-09-13T04:27:42,2025-09-14T04:27:42,https://example.com/story/s0072.jpg,false,text,Story cập nhật nhanh.
S0073,2025-11-20T08:52:20,2025-11-21T08:52:20,https://example.com/story/s0073.jpg,false,image,
S0074,2026-03-16T23:03:28,2026-03-17T23:03:28,https://example.com/story/s0074.jpg,false,image,
S0075,2025-11-26T23:12:13,2025-11-27T23:12:13,https://example.com/story/s0075.jpg,false,text,Story cập nhật nhanh.
S0076,2025-07-31T16:30:59,2025-08-01T16:30:59,https://example.com/story/s0076.jpg,false,text,Story cập nhật nhanh.
S0077,2025-11-15T12:43:44,2025-11-16T12:43:44,https://example.com/story/s0077.jpg,false,image,
S0078,2025-07-29T12:13:00,2025-07-30T12:13:00,https://example.com/story/s0078.jpg,false,text,Story cập nhật nhanh.
S0079,2024-04-17T17:41:52,2024-04-18T17:41:52,https://example.com/story/s0079.jpg,false,image,
S0080,2025-11-21T13:17:37,2025-11-22T13:17:37,https://example.com/story/s0080.jpg,false,image,
S0081,2025-09-24T00:44:17,2025-09-25T00:44:17,https://example.com/story/s0081.jpg,false,image,
S0082,2026-03-10T23:42:27,2026-03-11T23:42:27,https://example.com/story/s0082.jpg,false,image,
S0083,2025-12-26T13:13:12,2025-12-27T13:13:12,https://example.com/story/s0083.jpg,false,image,
S0084,2025-12-31T03:18:13,2026-01-01T03:18:13,https://example.com/story/s0084.jpg,false,image,
S0085,2025-05-20T04:04:26,2025-05-21T04:04:26,https://example.com/story/s0085.jpg,false,image,
S0086,2025-01-23T06:41:40,2025-01-24T06:41:40,https://example.com/story/s0086.jpg,false,text,Story cập nhật nhanh.
S0087,2026-03-27T04:26:54,2026-03-28T04:26:54,https://example.com/story/s0087.jpg,false,text,Story cập nhật nhanh.
S0088,2025-05-22T18:58:58,2025-05-23T18:58:58,https://example.com/story/s0088.jpg,false,text,Story cập nhật nhanh.
S0089,2026-03-25T20:43:03,2026-03-26T20:43:03,https://example.com/story/s0089.jpg,false,text,Story cập nhật nhanh.
S0090,2025-08-10T19:47:38,2025-08-11T19:47:38,https://example.com/story/s0090.jpg,false,text,Story cập nhật nhanh.
S0091,2026-01-06T05:43:34,2026-01-07T05:43:34,https://example.com/story/s0091.jpg,false,text,Story cập nhật nhanh.
S0092,2025-11-15T17:12:28,2025-11-16T17:12:28,https://example.com/story/s0092.jpg,false,image,
S0093,2026-02-02T12:15:38,2026-02-03T12:15:38,https://example.com/story/s0093.jpg,false,text,Story cập nhật nhanh.
S0094,2025-03-09T03:56:50,2025-03-10T03:56:50,https://example.com/story/s0094.jpg,false,text,Story cập nhật nhanh.
S0095,2024-08-18T08:34:25,2024-08-19T08:34:25,https://example.com/story/s0095.jpg,false,image,
S0096,2025-07-10T14:34:13,2025-07-11T14:34:13,https://example.com/story/s0096.jpg,false,image,
S0097,2025-06-30T22:45:32,2025-07-01T22:45:32,https://example.com/story/s0097.jpg,false,text,Story cập nhật nhanh.
S0098,2025-03-16T22:04:40,2025-03-17T22:04:40,https://example.com/story/s0098.jpg,false,image,
S0099,2025-11-27T22:15:47,2025-11-28T22:15:47,https://example.com/story/s0099.jpg,false,text,Story cập nhật nhanh.
S0100,2025-10-07T03:46:36,2025-10-08T03:46:36,https://example.com/story/s0100.jpg,false,text,Story cập nhật nhanh.
S0101,2026-02-22T11:30:11,2026-02-23T11:30:11,https://example.com/story/s0101.jpg,false,text,Story cập nhật nhanh.
S0102,2026-03-05T08:47:47,2026-03-06T08:47:47,https://example.com/story/s0102.jpg,false,image,
S0103,2026-01-13T07:22:14,2026-01-14T07:22:14,https://example.com/story/s0103.jpg,false,image,
S0104,2025-01-21T00:20:40,2025-01-22T00:20:40,https://example.com/story/s0104.jpg,false,text,Story cập nhật nhanh.
S0105,2026-03-17T02:14:01,2026-03-18T02:14:01,https://example.com/story/s0105.jpg,false,text,Story cập nhật nhanh.
S0106,2025-03-18T12:37:22,2025-03-19T12:37:22,https://example.com/story/s0106.jpg,false,image,
S0107,2026-01-31T03:22:25,2026-02-01T03:22:25,https://example.com/story/s0107.jpg,false,text,Story cập nhật nhanh.
S0108,2025-07-26T17:48:41,2025-07-27T17:48:41,https://example.com/story/s0108.jpg,false,image,
S0109,2025-02-16T21:43:46,2025-02-17T21:43:46,https://example.com/story/s0109.jpg,false,text,Story cập nhật nhanh.
S0110,2026-03-15T14:18:53,2026-03-16T14:18:53,https://example.com/story/s0110.jpg,false,text,Story cập nhật nhanh.
S0111,2025-11-14T19:19:00,2025-11-15T19:19:00,https://example.com/story/s0111.jpg,false,image,
S0112,2024-11-18T16:01:00,2024-11-19T16:01:00,https://example.com/story/s0112.jpg,false,image,
S0113,2026-03-25T14:09:26,2026-03-26T14:09:26,https://example.com/story/s0113.jpg,false,image,
S0114,2025-11-21T23:55:04,2025-11-22T23:55:04,https://example.com/story/s0114.jpg,false,text,Story cập nhật nhanh.
S0115,2025-05-26T12:09:02,2025-05-27T12:09:02,https://example.com/story/s0115.jpg,false,text,Story cập nhật nhanh.
S0116,2024-03-19T13:35:26,2024-03-20T13:35:26,https://example.com/story/s0116.jpg,false,text,Story cập nhật nhanh.
S0117,2025-10-27T09:53:16,2025-10-28T09:53:16,https://example.com/story/s0117.jpg,false,text,Story cập nhật nhanh.
S0118,2025-02-17T11:38:29,2025-02-18T11:38:29,https://example.com/story/s0118.jpg,false,text,Story cập nhật nhanh.
S0119,2026-01-08T04:47:03,2026-01-09T04:47:03,https://example.com/story/s0119.jpg,false,image,
S0120,2025-10-20T03:13:13,2025-10-21T03:13:13,https://example.com/story/s0120.jpg,false,text,Story cập nhật nhanh.
S0121,2026-03-01T18:51:42,2026-03-02T18:51:42,https://example.com/story/s0121.jpg,false,text,Story cập nhật nhanh.
S0122,2026-02-09T12:03:17,2026-02-10T12:03:17,https://example.com/story/s0122.jpg,false,text,Story cập nhật nhanh.
S0123,2025-09-21T16:15:03,2025-09-22T16:15:03,https://example.com/story/s0123.jpg,false,text,Story cập nhật nhanh.
S0124,2025-08-22T16:15:09,2025-08-23T16:15:09,https://example.com/story/s0124.jpg,false,text,Story cập nhật nhanh.
S0125,2025-03-21T06:01:32,2025-03-22T06:01:32,https://example.com/story/s0125.jpg,false,image,
S0126,2026-03-06T07:50:53,2026-03-07T07:50:53,https://example.com/story/s0126.jpg,false,image,
S0127,2025-08-14T09:13:37,2025-08-15T09:13:37,https://example.com/story/s0127.jpg,false,image,
S0128,2026-02-04T10:59:21,2026-02-05T10:59:21,https://example.com/story/s0128.jpg,false,text,Story cập nhật nhanh.
S0129,2026-01-21T23:23:23,2026-01-22T23:23:23,https://example.com/story/s0129.jpg,false,text,Story cập nhật nhanh.
S0130,2026-01-25T15:35:06,2026-01-26T15:35:06,https://example.com/story/s0130.jpg,false,image,
S0131,2025-04-18T15:57:25,2025-04-19T15:57:25,https://example.com/story/s0131.jpg,false,image,
S0132,2026-01-23T14:43:50,2026-01-24T14:43:50,https://example.com/story/s0132.jpg,false,image,
S0133,2026-01-22T21:53:11,2026-01-23T21:53:11,https://example.com/story/s0133.jpg,false,image,
S0134,2025-02-13T05:44:48,2025-02-14T05:44:48,https://example.com/story/s0134.jpg,false,image,
S0135,2025-02-27T22:39:23,2025-02-28T22:39:23,https://example.com/story/s0135.jpg,false,image,
S0136,2025-04-02T17:11:36,2025-04-03T17:11:36,https://example.com/story/s0136.jpg,false,image,
S0137,2026-02-27T13:53:30,2026-02-28T13:53:30,https://example.com/story/s0137.jpg,false,image,
S0138,2025-12-14T05:00:30,2025-12-15T05:00:30,https://example.com/story/s0138.jpg,false,text,Story cập nhật nhanh.
S0139,2025-01-18T10:49:26,2025-01-19T10:49:26,https://example.com/story/s0139.jpg,false,text,Story cập nhật nhanh.
S0140,2026-01-13T11:42:20,2026-01-14T11:42:20,https://example.com/story/s0140.jpg,false,image,
S0141,2024-08-26T12:21:00,2024-08-27T12:21:00,https://example.com/story/s0141.jpg,false,text,Story cập nhật nhanh.
S0142,2025-03-07T09:57:13,2025-03-08T09:57:13,https://example.com/story/s0142.jpg,false,image,
S0143,2025-11-09T23:09:53,2025-11-10T23:09:53,https://example.com/story/s0143.jpg,false,image,
S0144,2025-10-17T12:21:07,2025-10-18T12:21:07,https://example.com/story/s0144.jpg,false,image,
S0145,2026-03-20T22:25:34,2026-03-21T22:25:34,https://example.com/story/s0145.jpg,false,image,
S0146,2026-03-12T14:29:55,2026-03-13T14:29:55,https://example.com/story/s0146.jpg,false,image,
S0147,2025-08-20T05:50:57,2025-08-21T05:50:57,https://example.com/story/s0147.jpg,false,image,
S0148,2026-03-19T21:21:34,2026-03-20T21:21:34,https://example.com/story/s0148.jpg,false,text,Story cập nhật nhanh.
S0149,2025-07-14T08:40:22,2025-07-15T08:40:22,https://example.com/story/s0149.jpg,false,image,
S0150,2026-03-28T16:46:35,2026-03-29T16:46:35,https://example.com/story/s0150.jpg,false,image,
S0151,2025-08-12T06:21:36,2025-08-13T06:21:36,https://example.com/story/s0151.jpg,false,image,
S0152,2025-09-23T17:12:20,2025-09-24T17:12:20,https://example.com/story/s0152.jpg,false,image,
S0153,2026-01-12T17:11:18,2026-01-13T17:11:18,https://example.com/story/s0153.jpg,false,text,Story cập nhật nhanh.
S0154,2026-03-28T21:13:37,2026-03-29T21:13:37,https://example.com/story/s0154.jpg,false,text,Story cập nhật nhanh.
S0155,2026-02-16T16:42:42,2026-02-17T16:42:42,https://example.com/story/s0155.jpg,false,text,Story cập nhật nhanh.
S0156,2025-10-20T07:52:39,2025-10-21T07:52:39,https://example.com/story/s0156.jpg,false,text,Story cập nhật nhanh.
S0157,2026-03-29T03:16:25,2026-03-30T03:16:25,https://example.com/story/s0157.jpg,false,image,
S0158,2025-03-22T09:57:44,2025-03-23T09:57:44,https://example.com/story/s0158.jpg,false,text,Story cập nhật nhanh.
S0159,2025-04-24T05:17:54,2025-04-25T05:17:54,https://example.com/story/s0159.jpg,false,text,Story cập nhật nhanh.
S0160,2025-07-25T23:03:50,2025-07-26T23:03:50,https://example.com/story/s0160.jpg,false,text,Story cập nhật nhanh.
S0161,2025-01-04T15:40:01,2025-01-05T15:40:01,https://example.com/story/s0161.jpg,false,text,Story cập nhật nhanh.
S0162,2025-02-26T14:04:37,2025-02-27T14:04:37,https://example.com/story/s0162.jpg,false,image,
S0163,2026-04-01T01:33:37,2026-04-02T01:33:37,https://example.com/story/s0163.jpg,true,image,
S0164,2026-03-20T03:12:34,2026-03-21T03:12:34,https://example.com/story/s0164.jpg,false,image,
S0165,2025-02-11T17:42:45,2025-02-12T17:42:45,https://example.com/story/s0165.jpg,false,text,Story cập nhật nhanh.
S0166,2026-01-12T12:05:58,2026-01-13T12:05:58,https://example.com/story/s0166.jpg,false,text,Story cập nhật nhanh.
S0167,2024-10-11T13:54:18,2024-10-12T13:54:18,https://example.com/story/s0167.jpg,false,text,Story cập nhật nhanh.
S0168,2026-03-04T02:07:29,2026-03-05T02:07:29,https://example.com/story/s0168.jpg,false,text,Story cập nhật nhanh.
S0169,2026-03-30T18:43:12,2026-03-31T18:43:12,https://example.com/story/s0169.jpg,false,text,Story cập nhật nhanh.
S0170,2026-02-04T04:31:09,2026-02-05T04:31:09,https://example.com/story/s0170.jpg,false,image,
S0171,2024-06-25T07:12:07,2024-06-26T07:12:07,https://example.com/story/s0171.jpg,false,image,
S0172,2024-11-14T10:21:46,2024-11-15T10:21:46,https://example.com/story/s0172.jpg,false,image,
S0173,2024-06-20T03:59:28,2024-06-21T03:59:28,https://example.com/story/s0173.jpg,false,image,
S0174,2025-03-15T15:32:42,2025-03-16T15:32:42,https://example.com/story/s0174.jpg,false,text,Story cập nhật nhanh.
S0175,2025-09-17T23:14:32,2025-09-18T23:14:32,https://example.com/story/s0175.jpg,false,text,Story cập nhật nhanh.
S0176,2026-03-20T11:32:32,2026-03-21T11:32:32,https://example.com/story/s0176.jpg,false,image,
S0177,2026-03-05T14:04:43,2026-03-06T14:04:43,https://example.com/story/s0177.jpg,false,text,Story cập nhật nhanh.
S0178,2026-01-14T10:31:11,2026-01-15T10:31:11,https://example.com/story/s0178.jpg,false,text,Story cập nhật nhanh.
S0179,2025-08-18T08:31:13,2025-08-19T08:31:13,https://example.com/story/s0179.jpg,false,text,Story cập nhật nhanh.
S0180,2025-09-14T14:04:04,2025-09-15T14:04:04,https://example.com/story/s0180.jpg,false,image,
S0181,2025-07-28T03:28:40,2025-07-29T03:28:40,https://example.com/story/s0181.jpg,false,text,Story cập nhật nhanh.
S0182,2026-03-13T18:27:15,2026-03-14T18:27:15,https://example.com/story/s0182.jpg,false,text,Story cập nhật nhanh.
S0183,2026-01-27T16:25:49,2026-01-28T16:25:49,https://example.com/story/s0183.jpg,false,image,
S0184,2024-04-08T01:49:23,2024-04-09T01:49:23,https://example.com/story/s0184.jpg,false,image,
S0185,2025-07-22T18:27:36,2025-07-23T18:27:36,https://example.com/story/s0185.jpg,false,image,
S0186,2025-10-04T08:04:18,2025-10-05T08:04:18,https://example.com/story/s0186.jpg,false,image,
S0187,2024-10-18T04:14:25,2024-10-19T04:14:25,https://example.com/story/s0187.jpg,false,text,Story cập nhật nhanh.
S0188,2026-02-21T14:03:54,2026-02-22T14:03:54,https://example.com/story/s0188.jpg,false,image,
S0189,2025-05-08T20:49:15,2025-05-09T20:49:15,https://example.com/story/s0189.jpg,false,text,Story cập nhật nhanh.
S0190,2026-02-02T18:49:36,2026-02-03T18:49:36,https://example.com/story/s0190.jpg,false,image,
S0191,2026-03-04T03:41:33,2026-03-05T03:41:33,https://example.com/story/s0191.jpg,false,text,Story cập nhật nhanh.
S0192,2025-07-26T00:28:23,2025-07-27T00:28:23,https://example.com/story/s0192.jpg,false,text,Story cập nhật nhanh.
S0193,2025-10-08T03:16:07,2025-10-09T03:16:07,https://example.com/story/s0193.jpg,false,text,Story cập nhật nhanh.
S0194,2025-11-20T16:22:29,2025-11-21T16:22:29,https://example.com/story/s0194.jpg,false,text,Story cập nhật nhanh.
S0195,2025-11-17T01:10:21,2025-11-18T01:10:21,https://example.com/story/s0195.jpg,false,text,Story cập nhật nhanh.
S0196,2026-01-12T18:01:26,2026-01-13T18:01:26,https://example.com/story/s0196.jpg,false,image,
S0197,2025-07-31T16:59:32,2025-08-01T16:59:32,https://example.com/story/s0197.jpg,false,text,Story cập nhật nhanh.
S0198,2025-12-25T08:14:33,2025-12-26T08:14:33,https://example.com/story/s0198.jpg,false,image,
S0199,2026-02-15T00:17:39,2026-02-16T00:17:39,https://example.com/story/s0199.jpg,false,image,
S0200,2026-02-18T06:55:54,2026-02-19T06:55:54,https://example.com/story/s0200.jpg,false,image,
S0201,2024-05-29T21:34:47,2024-05-30T21:34:47,https://example.com/story/s0201.jpg,false,text,Story cập nhật nhanh.
S0202,2025-05-29T23:49:58,2025-05-30T23:49:58,https://example.com/story/s0202.jpg,false,image,
S0203,2026-01-09T08:48:05,2026-01-10T08:48:05,https://example.com/story/s0203.jpg,false,image,
S0204,2026-03-28T05:51:52,2026-03-29T05:51:52,https://example.com/story/s0204.jpg,false,text,Story cập nhật nhanh.
S0205,2025-10-15T09:08:47,2025-10-16T09:08:47,https://example.com/story/s0205.jpg,false,text,Story cập nhật nhanh.
S0206,2026-01-06T22:51:08,2026-01-07T22:51:08,https://example.com/story/s0206.jpg,false,text,Story cập nhật nhanh.
S0207,2026-01-18T13:12:18,2026-01-19T13:12:18,https://example.com/story/s0207.jpg,false,image,
S0208,2025-04-23T12:27:11,2025-04-24T12:27:11,https://example.com/story/s0208.jpg,false,text,Story cập nhật nhanh.
S0209,2024-05-20T12:48:36,2024-05-21T12:48:36,https://example.com/story/s0209.jpg,false,text,Story cập nhật nhanh.
S0210,2026-03-07T13:53:57,2026-03-08T13:53:57,https://example.com/story/s0210.jpg,false,text,Story cập nhật nhanh.
S0211,2026-03-19T08:07:35,2026-03-20T08:07:35,https://example.com/story/s0211.jpg,false,text,Story cập nhật nhanh.
S0212,2026-02-04T10:39:38,2026-02-05T10:39:38,https://example.com/story/s0212.jpg,false,text,Story cập nhật nhanh.
S0213,2025-03-10T04:26:06,2025-03-11T04:26:06,https://example.com/story/s0213.jpg,false,text,Story cập nhật nhanh.
S0214,2025-09-09T05:40:53,2025-09-10T05:40:53,https://example.com/story/s0214.jpg,false,image,
S0215,2025-10-03T02:40:17,2025-10-04T02:40:17,https://example.com/story/s0215.jpg,false,image,
S0216,2026-03-17T17:09:53,2026-03-18T17:09:53,https://example.com/story/s0216.jpg,false,text,Story cập nhật nhanh.
S0217,2025-02-21T21:47:42,2025-02-22T21:47:42,https://example.com/story/s0217.jpg,false,image,
S0218,2026-03-08T01:40:18,2026-03-09T01:40:18,https://example.com/story/s0218.jpg,false,image,
S0219,2026-02-08T11:48:50,2026-02-09T11:48:50,https://example.com/story/s0219.jpg,false,text,Story cập nhật nhanh.
S0220,2025-12-01T13:25:46,2025-12-02T13:25:46,https://example.com/story/s0220.jpg,false,image,
S0221,2025-04-10T02:05:53,2025-04-11T02:05:53,https://example.com/story/s0221.jpg,false,image,
S0222,2025-07-26T00:59:58,2025-07-27T00:59:58,https://example.com/story/s0222.jpg,false,image,
S0223,2025-09-25T06:23:18,2025-09-26T06:23:18,https://example.com/story/s0223.jpg,false,text,Story cập nhật nhanh.
S0224,2025-06-07T09:40:09,2025-06-08T09:40:09,https://example.com/story/s0224.jpg,false,image,
S0225,2025-08-02T16:09:36,2025-08-03T16:09:36,https://example.com/story/s0225.jpg,false,image,
S0226,2025-07-03T14:18:02,2025-07-04T14:18:02,https://example.com/story/s0226.jpg,false,image,
S0227,2025-06-20T17:09:32,2025-06-21T17:09:32,https://example.com/story/s0227.jpg,false,text,Story cập nhật nhanh.
S0228,2026-01-30T11:30:30,2026-01-31T11:30:30,https://example.com/story/s0228.jpg,false,text,Story cập nhật nhanh.
S0229,2024-12-25T23:53:30,2024-12-26T23:53:30,https://example.com/story/s0229.jpg,false,text,Story cập nhật nhanh.
S0230,2025-05-02T10:06:09,2025-05-03T10:06:09,https://example.com/story/s0230.jpg,false,image,
S0231,2025-12-09T15:17:04,2025-12-10T15:17:04,https://example.com/story/s0231.jpg,false,image,
S0232,2025-09-01T17:48:51,2025-09-02T17:48:51,https://example.com/story/s0232.jpg,false,image,
S0233,2025-07-18T17:48:26,2025-07-19T17:48:26,https://example.com/story/s0233.jpg,false,image,
S0234,2025-03-31T02:19:10,2025-04-01T02:19:10,https://example.com/story/s0234.jpg,false,image,
S0235,2025-02-06T23:37:23,2025-02-07T23:37:23,https://example.com/story/s0235.jpg,false,text,Story cập nhật nhanh.
S0236,2025-09-07T08:33:08,2025-09-08T08:33:08,https://example.com/story/s0236.jpg,false,image,
S0237,2025-11-07T17:51:59,2025-11-08T17:51:59,https://example.com/story/s0237.jpg,false,text,Story cập nhật nhanh.
S0238,2026-02-20T21:46:18,2026-02-21T21:46:18,https://example.com/story/s0238.jpg,false,text,Story cập nhật nhanh.
S0239,2026-02-12T04:39:12,2026-02-13T04:39:12,https://example.com/story/s0239.jpg,false,text,Story cập nhật nhanh.
S0240,2025-06-27T08:29:35,2025-06-28T08:29:35,https://example.com/story/s0240.jpg,false,image,
S0241,2025-09-24T19:17:01,2025-09-25T19:17:01,https://example.com/story/s0241.jpg,false,text,Story cập nhật nhanh.
S0242,2025-10-01T21:26:15,2025-10-02T21:26:15,https://example.com/story/s0242.jpg,false,text,Story cập nhật nhanh.
S0243,2026-01-06T12:28:54,2026-01-07T12:28:54,https://example.com/story/s0243.jpg,false,image,
S0244,2026-03-09T03:32:27,2026-03-10T03:32:27,https://example.com/story/s0244.jpg,false,text,Story cập nhật nhanh.
S0245,2026-04-01T04:24:33,2026-04-02T04:24:33,https://example.com/story/s0245.jpg,false,text,Story cập nhật nhanh.
S0246,2026-03-15T00:51:46,2026-03-16T00:51:46,https://example.com/story/s0246.jpg,false,image,
S0247,2025-05-10T18:33:08,2025-05-11T18:33:08,https://example.com/story/s0247.jpg,false,text,Story cập nhật nhanh.
S0248,2024-11-14T10:42:05,2024-11-15T10:42:05,https://example.com/story/s0248.jpg,false,text,Story cập nhật nhanh.
S0249,2025-04-03T23:01:01,2025-04-04T23:01:01,https://example.com/story/s0249.jpg,false,text,Story cập nhật nhanh.
S0250,2024-09-20T06:16:39,2024-09-21T06:16:39,https://example.com/story/s0250.jpg,false,text,Story cập nhật nhanh.
