documentId,title,fileName,fileType,subject,school,major,cohort,description,tags,visibility,status,viewsCount,downloadsCount,uploaderId,createdAt,updatedAt,sourceType
7bb9d9b8-c63a-4c92-a097-23a236e5120f,K-Means From Theory to Practice (3),K-Means From Theory to Practice (3).pdf,PDF,ML,ĐH Quy Nhơn,CNTT,K45,,,PUBLIC,ACTIVE,1,0,2901fc71-a8a0-4634-a6af-6a0d980430d7,2026-04-27T07:56:33.611Z,2026-05-11T07:02:58.935Z,
56ebfdfe-13dc-473c-bdea-ab78970246f8,Báo cáo thực tập-LeXuanNgoc,BÃ¡o cÃ¡o thá»±c táº­p-LeXuanNgoc.doc,DOC,ML,ĐH Quy Nhơn,CNTT,K45,,,PUBLIC,ACTIVE,1,0,2901fc71-a8a0-4634-a6af-6a0d980430d7,2026-05-11T07:02:45.309Z,2026-05-11T07:16:23.513Z,
1756f62b-88c5-41f8-aa54-a21bac2a86a3,Thủy sản căn bản,Thủy sản căn bản.docx,DOC,Nông nghiệp,Học viện Báo chí và Tuyên truyền,Chăn nuôi,K30,"Tài liệu học tập về thủy sản căn bản, hỗ trợ sinh viên ngành Nông học ôn tập, tìm kiếm và nhận gợi ý tài liệu liên quan.",thủy sản|nông nghiệp|chăn nuôi|hữu cơ,PUBLIC,ACTIVE,0,0,8792b584-b835-4340-889b-06f1ae962e99,2026-05-16T08:31:19.020Z,2026-05-16T08:31:19.020Z,
35976ac5-1a40-4616-a15b-b6dbd7737262,Biên dịch văn bản chuyên ngành,Biên dịch văn bản chuyên ngành.pptx,PPT,Ngoại ngữ,Học viện Công nghệ Bưu chính Viễn thông,Biên phiên dịch,K33,"Tài liệu học tập về biên dịch văn bản chuyên ngành, hỗ trợ sinh viên ngành Ngôn ngữ Anh ôn tập, tìm kiếm và nhận gợi ý tài liệu liên quan.",học thuật|ngoại ngữ|biên dịch|giao tiếp,PUBLIC,ACTIVE,0,0,7874ff7c-813c-5627-b476-244d84950793,2026-05-16T08:31:20.901Z,2026-05-16T08:31:20.901Z,
ecb0c11d-7693-4815-b441-e1ebe2b96b3d,Luật lao động,Luật lao động.pptx,PPT,Luật,Học viện Ngân hàng,Luật dân sự,K41,"Tài liệu học tập về luật lao động, hỗ trợ sinh viên ngành Luật kinh tế ôn tập, tìm kiếm và nhận gợi ý tài liệu liên quan.",lao động|dân sự|hợp đồng|luật,PUBLIC,ACTIVE,0,0,64353153-04ad-5366-8bb8-22e1d3ce53d4,2026-05-16T08:31:21.857Z,2026-05-16T08:31:21.857Z,
599047f9-4e67-4a09-894d-2106ff62e962,Đàm phán trong kinh doanh,Đàm phán trong kinh doanh.pptx,PPT,Quản trị kinh doanh,Học viện Nông nghiệp Việt Nam,Quản trị kinh doanh,K38,"Tài liệu học tập về đàm phán trong kinh doanh, hỗ trợ sinh viên ngành Quản trị kinh doanh ôn tập, tìm kiếm và nhận gợi ý tài liệu liên quan.",nhân sự|vận hành|quản trị|chiến lược,PUBLIC,ACTIVE,0,0,47426a14-535b-529e-8ed9-941f39c7e247,2026-05-16T08:31:22.779Z,2026-05-16T08:31:22.779Z,
62bd7d87-6404-4c37-83c1-f138cd5b50c7,Fintech và ngân hàng số,Fintech và ngân hàng số.docx,DOC,Tài chính - Ngân hàng,Đại học Bách khoa Hà Nội,Tài chính ngân hàng,K30,"Tài liệu học tập về fintech và ngân hàng số, hỗ trợ sinh viên ngành Tài chính ngân hàng ôn tập, tìm kiếm và nhận gợi ý tài liệu liên quan.",rủi ro|tài chính|chứng khoán|đầu tư,PUBLIC,ACTIVE,0,0,76c8c19a-bca4-5fa0-b234-7bc1b3993cad,2026-05-16T08:31:23.836Z,2026-05-16T08:31:23.836Z,
82900a80-7d5c-4b30-b8a1-c8e25c488dc1,Đọc bản vẽ kỹ thuật,Đọc bản vẽ kỹ thuật.docx,DOC,Xây dựng - Kiến trúc,Đại học Công nghệ - ĐHQGHN,Kiến trúc,K42,"Tài liệu học tập về đọc bản vẽ kỹ thuật, hỗ trợ sinh viên ngành Kỹ thuật xây dựng ôn tập, tìm kiếm và nhận gợi ý tài liệu liên quan.",xây dựng|kiến trúc|kết cấu|bản vẽ,PUBLIC,ACTIVE,0,0,ce0525e1-b75e-55f0-a417-246b6a85603a,2026-05-16T08:31:24.851Z,2026-05-16T08:31:24.851Z,
0bacd07c-c4aa-468b-b090-a32242b08a11,Thanh toán quốc tế,Thanh toán quốc tế.pptx,PPT,Tài chính - Ngân hàng,Đại học Cần Thơ,Tài chính ngân hàng,K33,"Tài liệu học tập về thanh toán quốc tế, hỗ trợ sinh viên ngành Tài chính ngân hàng ôn tập, tìm kiếm và nhận gợi ý tài liệu liên quan.",đầu tư|tài chính|chứng khoán|ngân hàng,PUBLIC,ACTIVE,0,0,de0f68ab-7e13-593d-a0a5-cecbb66c19f7,2026-05-16T08:31:25.796Z,2026-05-16T08:31:25.796Z,
5b843d16-6109-4be5-b9c7-1c8a3907c246,Quản trị học đại cương,Quản trị học đại cương.pdf,PDF,Quản trị kinh doanh,Đại học Duy Tân,Quản trị kinh doanh,K43,"Tài liệu học tập về quản trị học đại cương, hỗ trợ sinh viên ngành Quản trị kinh doanh ôn tập, tìm kiếm và nhận gợi ý tài liệu liên quan.",quản trị|dự án|nhân sự|vận hành,PUBLIC,ACTIVE,0,0,8a67ec69-5a26-51ee-b6e3-c620dd098cec,2026-05-16T08:31:26.747Z,2026-05-16T08:31:26.747Z,
41483fa8-bff5-4ab9-90f2-bd50a1f8b325,SEO và tối ưu nội dung,SEO và tối ưu nội dung.pdf,PDF,Marketing,Đại học FPT,Digital Marketing,K44,"Tài liệu học tập về seo và tối ưu nội dung, hỗ trợ sinh viên ngành Marketing ôn tập, tìm kiếm và nhận gợi ý tài liệu liên quan.",thương hiệu|khách hàng|content|digital,PUBLIC,ACTIVE,1,0,5ee35c70-15b4-5784-a355-fbf3d1526375,2026-05-16T08:31:27.706Z,2026-05-17T08:33:21.545Z,
36485519-e7f0-4359-9b8d-aba529586cd8,Digital marketing tổng quan,Digital marketing tổng quan.pdf,PDF,Marketing,Đại học Hà Nội,Digital Marketing,K31,"Tài liệu học tập về digital marketing tổng quan, hỗ trợ sinh viên ngành Marketing ôn tập, tìm kiếm và nhận gợi ý tài liệu liên quan.",marketing|digital|khách hàng|content,PUBLIC,ACTIVE,0,0,bcc35830-c21a-5c0c-acf2-cb2d2cd20b79,2026-05-16T08:31:28.611Z,2026-05-16T08:31:28.611Z,
0dc0c505-6f9c-475d-aa15-2ab5773107ea,Kiểm toán căn bản,Kiểm toán căn bản.docx,DOC,Kế toán - Kiểm toán,Đại học Khoa học Tự nhiên - ĐHQG TP.HCM,Kiểm toán,K43,"Tài liệu học tập về kiểm toán căn bản, hỗ trợ sinh viên ngành Kế toán kiểm toán ôn tập, tìm kiếm và nhận gợi ý tài liệu liên quan.",báo cáo tài chính|kiểm toán|chi phí|thuế,PUBLIC,ACTIVE,0,0,02148a26-70b3-5545-86c4-234e7f7f8d7e,2026-05-16T08:31:29.801Z,2026-05-16T08:31:29.801Z,
d230b3d7-159e-46ed-be1c-26a2e9e27d46,Quản lý lớp học,Quản lý lớp học.docx,DOC,Giáo dục,Đại học Khoa học Xã hội và Nhân văn - ĐHQGHN,Quản lý giáo dục,K44,"Tài liệu học tập về quản lý lớp học, hỗ trợ sinh viên ngành Sư phạm ôn tập, tìm kiếm và nhận gợi ý tài liệu liên quan.",giáo dục|e-learning|lớp học|đánh giá,PUBLIC,ACTIVE,0,0,0b684c6a-a641-5474-bdaf-f5f416cdb017,2026-05-16T08:31:30.737Z,2026-05-16T08:31:30.737Z,
0c69b65e-1793-4a20-9115-7564e6076a97,Sản xuất nội dung số,Sản xuất nội dung số.pdf,PDF,Truyền thông,Đại học Kinh tế - Luật,Truyền thông,K44,"Tài liệu học tập về sản xuất nội dung số, hỗ trợ sinh viên ngành Truyền thông đa phương tiện ôn tập, tìm kiếm và nhận gợi ý tài liệu liên quan.",mạng xã hội|nội dung số|sự kiện|truyền thông,PUBLIC,ACTIVE,0,0,b1eb692b-1832-5084-bb37-88d2dde92e0a,2026-05-16T08:31:31.655Z,2026-05-16T08:31:31.655Z,
42ce5baf-d949-4713-b90b-10173e42d6b8,Lập trình Python cơ bản,Lập trình Python cơ bản.pptx,PPT,Công nghệ thông tin,Đại học Kinh tế Quốc dân,Hệ thống thông tin,K30,"Tài liệu học tập về lập trình python cơ bản, hỗ trợ sinh viên ngành Công nghệ thông tin ôn tập, tìm kiếm và nhận gợi ý tài liệu liên quan.",cơ sở dữ liệu|lập trình|bảo mật|công nghệ thông tin,PUBLIC,ACTIVE,0,0,55aec3d5-6251-5a10-b3be-fdbec2be2a37,2026-05-16T08:31:32.621Z,2026-05-16T08:31:32.621Z,
2671fad6-38e0-4cb3-994e-dbd8b4c2ed55,Quản trị vận hành,Quản trị vận hành.docx,DOC,Quản trị kinh doanh,Đại học Kinh tế TP.HCM,Quản trị kinh doanh,K43,"Tài liệu học tập về quản trị vận hành, hỗ trợ sinh viên ngành Quản trị kinh doanh ôn tập, tìm kiếm và nhận gợi ý tài liệu liên quan.",vận hành|chiến lược|quản trị|nhân sự,PUBLIC,ACTIVE,0,0,aa9a3286-96d8-5590-90bd-8ea89e21a135,2026-05-16T08:31:33.675Z,2026-05-16T08:31:33.675Z,
1015d097-5d82-4ce1-9dac-1d73807e382d,Kinh tế nông nghiệp,Kinh tế nông nghiệp.pdf,PDF,Nông nghiệp,Đại học Kiến trúc Hà Nội,Chăn nuôi,K32,"Tài liệu học tập về kinh tế nông nghiệp, hỗ trợ sinh viên ngành Nông học ôn tập, tìm kiếm và nhận gợi ý tài liệu liên quan.",trồng trọt|chăn nuôi|thủy sản|nông nghiệp,PUBLIC,ACTIVE,0,0,3bb76c09-b83a-5935-a579-807550b88c90,2026-05-16T08:31:34.692Z,2026-05-16T08:31:34.692Z,
5f007317-71f2-454b-8d9f-c57e83bf2904,Kế toán quản trị,Kế toán quản trị.pptx,PPT,Kế toán - Kiểm toán,Đại học Kiến trúc TP.HCM,Kiểm toán,K43,"Tài liệu học tập về kế toán quản trị, hỗ trợ sinh viên ngành Kế toán kiểm toán ôn tập, tìm kiếm và nhận gợi ý tài liệu liên quan.",thuế|kế toán|kiểm toán|chi phí,PUBLIC,ACTIVE,0,0,6cc27366-664b-5d8a-bb33-2ccc9b9e403d,2026-05-16T08:31:35.683Z,2026-05-16T08:31:35.683Z,
2cf9e8e2-b064-492b-aa6a-0bd9d11ad327,Từ vựng tiếng Anh du lịch,Từ vựng tiếng Anh du lịch.pdf,PDF,Ngoại ngữ,Đại học Lao động - Xã hội,Biên phiên dịch,K32,"Tài liệu học tập về từ vựng tiếng anh du lịch, hỗ trợ sinh viên ngành Ngôn ngữ Anh ôn tập, tìm kiếm và nhận gợi ý tài liệu liên quan.",tiếng Anh|học thuật|ngoại ngữ|biên dịch,PUBLIC,ACTIVE,0,0,5d53a55f-b698-5e45-ae8e-d8a535326a08,2026-05-16T08:31:36.581Z,2026-05-16T08:31:36.581Z,
ac7ca13b-1602-4184-9a80-0c3b7c5a332c,Phân tích thiết kế hệ thống,Phân tích thiết kế hệ thống.docx,DOC,Công nghệ thông tin,Đại học Luật Hà Nội,Hệ thống thông tin,K43,"Tài liệu học tập về phân tích thiết kế hệ thống, hỗ trợ sinh viên ngành Công nghệ thông tin ôn tập, tìm kiếm và nhận gợi ý tài liệu liên quan.",cơ sở dữ liệu|bảo mật|web|lập trình,PUBLIC,ACTIVE,0,0,8af44ce9-6629-5bb7-9a77-b82a1041630f,2026-05-16T08:31:37.599Z,2026-05-16T08:31:37.599Z,
598fa544-3b2d-46b2-9f45-8e39f3e44e86,Quảng cáo trực tuyến,Quảng cáo trực tuyến.pdf,PDF,Marketing,Đại học Luật TP.HCM,Digital Marketing,K34,"Tài liệu học tập về quảng cáo trực tuyến, hỗ trợ sinh viên ngành Marketing ôn tập, tìm kiếm và nhận gợi ý tài liệu liên quan.",marketing|thương hiệu|content|khách hàng,PUBLIC,ACTIVE,0,0,42c85ba5-44f9-58dd-bd86-8f9ce59a3bcc,2026-05-16T08:31:38.569Z,2026-05-16T08:31:38.569Z,
d849992b-1d38-41d0-8516-82432c98fbe1,Quản trị dự án,Quản trị dự án.pptx,PPT,Quản trị kinh doanh,Đại học Mở TP.HCM,Quản trị kinh doanh,K35,"Tài liệu học tập về quản trị dự án, hỗ trợ sinh viên ngành Quản trị kinh doanh ôn tập, tìm kiếm và nhận gợi ý tài liệu liên quan.",nhân sự|dự án|chiến lược|quản trị,PUBLIC,ACTIVE,0,0,1e52bb99-ed32-5e3b-80d8-c9f76b533e67,2026-05-16T08:31:40.177Z,2026-05-16T08:31:40.177Z,
bf231293-ef90-41b2-9ab4-f20954f1f3d0,Bảo vệ thực vật,Bảo vệ thực vật.pptx,PPT,Nông nghiệp,Đại học Ngoại ngữ - ĐHQGHN,Bảo vệ thực vật,K32,"Tài liệu học tập về bảo vệ thực vật, hỗ trợ sinh viên ngành Nông học ôn tập, tìm kiếm và nhận gợi ý tài liệu liên quan.",nông nghiệp|hữu cơ|thủy sản|chăn nuôi,PUBLIC,ACTIVE,0,0,14851843-0294-57ef-b8d4-e72a0a4cd9ff,2026-05-16T08:31:41.078Z,2026-05-16T08:31:41.078Z,
f408b298-4b16-4417-9096-0effa29191b0,Điện toán đám mây,Điện toán đám mây.docx,DOC,Công nghệ thông tin,Đại học Ngoại ngữ - Đại học Đà Nẵng,Hệ thống thông tin,K33,"Tài liệu học tập về điện toán đám mây, hỗ trợ sinh viên ngành Công nghệ thông tin ôn tập, tìm kiếm và nhận gợi ý tài liệu liên quan.",cơ sở dữ liệu|bảo mật|web|công nghệ thông tin,PUBLIC,ACTIVE,0,0,e01d5991-0727-56dc-a0c2-4d5927b9cad9,2026-05-16T08:31:41.979Z,2026-05-16T08:31:41.979Z,
587dcd42-7780-4f43-b453-0e1fab1b3e7e,Chính sách môi trường,Chính sách môi trường.pptx,PPT,Môi trường,Đại học Nông Lâm Huế,Quản lý tài nguyên,K45,"Tài liệu học tập về chính sách môi trường, hỗ trợ sinh viên ngành Quản lý tài nguyên môi trường ôn tập, tìm kiếm và nhận gợi ý tài liệu liên quan.",khí hậu|nước thải|chất thải|bền vững,PUBLIC,ACTIVE,0,0,d6d0d2de-5a9f-5260-836a-fb10ab8d58d0,2026-05-16T08:31:43.086Z,2026-05-16T08:31:43.086Z,
d63804ca-dea7-475d-8ee9-9b1161d491e8,Luật doanh nghiệp,Luật doanh nghiệp.pptx,PPT,Luật,Đại học Nông Lâm TP.HCM,Luật dân sự,K35,"Tài liệu học tập về luật doanh nghiệp, hỗ trợ sinh viên ngành Luật kinh tế ôn tập, tìm kiếm và nhận gợi ý tài liệu liên quan.",doanh nghiệp|hợp đồng|dân sự|lao động,PUBLIC,ACTIVE,0,0,40eee030-50a2-5c91-b853-db03e17f17b8,2026-05-16T08:31:44.058Z,2026-05-16T08:31:44.058Z,
bb97dd4f-3e16-4947-8e44-eef5bd0dbb5a,Truyền thông đa phương tiện,Truyền thông đa phương tiện.pptx,PPT,Truyền thông,Đại học Quy Nhơn,,K43,"Tài liệu học tập về truyền thông đa phương tiện, hỗ trợ sinh viên ngành Truyền thông đa phương tiện ôn tập, tìm kiếm và nhận gợi ý tài liệu liên quan.",PR|nội dung số|sự kiện|mạng xã hội,PUBLIC,ACTIVE,0,0,bc7b22fb-4329-57d8-af0b-c3ae1250a8b8,2026-05-16T08:31:45.062Z,2026-05-16T08:31:45.062Z,
a555935a-02a6-4ce2-9d72-570e946f730c,Hướng dẫn du lịch,Hướng dẫn du lịch.pdf,PDF,Du lịch - Khách sạn,Đại học Sư phạm Hà Nội,Quản trị khách sạn,K39,"Tài liệu học tập về hướng dẫn du lịch, hỗ trợ sinh viên ngành Quản trị du lịch khách sạn ôn tập, tìm kiếm và nhận gợi ý tài liệu liên quan.",khách sạn|tour|dịch vụ|du lịch,PUBLIC,ACTIVE,0,0,3b202908-a0ea-5935-8d62-9db44e0f4cf4,2026-05-16T08:31:46.309Z,2026-05-16T08:31:46.309Z,
365fda52-ea0d-4032-91b3-6ae938bdf323,Tổ chức sự kiện,Tổ chức sự kiện.docx,DOC,Truyền thông,Đại học Sư phạm Kỹ thuật Đà Nẵng,Quan hệ công chúng,K35,"Tài liệu học tập về tổ chức sự kiện, hỗ trợ sinh viên ngành Truyền thông đa phương tiện ôn tập, tìm kiếm và nhận gợi ý tài liệu liên quan.",mạng xã hội|PR|truyền thông|sự kiện,PUBLIC,ACTIVE,0,0,4352d063-20b0-5f5f-aa34-cb58949927ea,2026-05-16T08:31:47.291Z,2026-05-16T08:31:47.291Z,
02152b68-76a8-4dea-be7f-dfabd60d64fc,Truyền thông tích hợp,Truyền thông tích hợp.pptx,PPT,Marketing,Đại học Sư phạm TP.HCM,Digital Marketing,K42,"Tài liệu học tập về truyền thông tích hợp, hỗ trợ sinh viên ngành Marketing ôn tập, tìm kiếm và nhận gợi ý tài liệu liên quan.",khách hàng|marketing|digital|thương hiệu,PUBLIC,ACTIVE,0,0,55ed4b1d-fd4d-56aa-9dc2-528959ccd6a4,2026-05-16T08:31:48.185Z,2026-05-16T08:31:48.185Z,
427e81a8-2125-43bb-8de9-5a44db77b9ff,Kinh tế vĩ mô ứng dụng,Kinh tế vĩ mô ứng dụng.docx,DOC,Kinh tế,Đại học Thương mại,Kinh tế,K39,"Tài liệu học tập về kinh tế vĩ mô ứng dụng, hỗ trợ sinh viên ngành Kinh tế học ôn tập, tìm kiếm và nhận gợi ý tài liệu liên quan.",vĩ mô|thị trường|cung cầu|vi mô,PUBLIC,ACTIVE,0,0,ebecbb97-3bee-5094-b5c1-b98dee008237,2026-05-16T08:31:49.152Z,2026-05-16T08:31:49.152Z,
03bd1972-b39a-42e5-8ec6-7df9744eab92,Giao tiếp tiếng Anh thương mại,Giao tiếp tiếng Anh thương mại.docx,DOC,Ngoại ngữ,Đại học Tài chính - Marketing,Ngôn ngữ Anh,K34,"Tài liệu học tập về giao tiếp tiếng anh thương mại, hỗ trợ sinh viên ngành Ngôn ngữ Anh ôn tập, tìm kiếm và nhận gợi ý tài liệu liên quan.",ngoại ngữ|học thuật|tiếng Anh|giao tiếp,PUBLIC,ACTIVE,0,0,a36e60c8-a16f-5c9e-86c7-b1b32e758c95,2026-05-16T08:31:50.478Z,2026-05-16T08:31:50.478Z,
d2e19d40-6375-4372-9a44-d7f0a90bc078,Quản trị trải nghiệm khách hàng,Quản trị trải nghiệm khách hàng.docx,DOC,Du lịch - Khách sạn,Đại học Tài nguyên và Môi trường Hà Nội,Quản trị khách sạn,K38,"Tài liệu học tập về quản trị trải nghiệm khách hàng, hỗ trợ sinh viên ngành Quản trị du lịch khách sạn ôn tập, tìm kiếm và nhận gợi ý tài liệu liên quan.",du lịch|khách sạn|trải nghiệm|tour,PUBLIC,ACTIVE,0,0,74812e0f-748a-5352-94f6-3e0992e3c573,2026-05-16T08:31:51.405Z,2026-05-16T08:31:51.405Z,
b5723677-0423-488c-8628-3fb1c08817dd,Định giá doanh nghiệp,Định giá doanh nghiệp.pdf,PDF,Tài chính - Ngân hàng,Đại học Tài nguyên và Môi trường TP.HCM,Tài chính ngân hàng,K39,"Tài liệu học tập về định giá doanh nghiệp, hỗ trợ sinh viên ngành Tài chính ngân hàng ôn tập, tìm kiếm và nhận gợi ý tài liệu liên quan.",chứng khoán|đầu tư|ngân hàng|rủi ro,PUBLIC,ACTIVE,0,0,659d7373-5ffb-5dae-be17-37348d040200,2026-05-16T08:31:52.354Z,2026-05-16T08:31:52.354Z,
f8872ab3-f1dc-43a1-ac15-793841c20155,Phát triển ứng dụng web,Phát triển ứng dụng web.pptx,PPT,Công nghệ thông tin,Đại học Văn Lang,Công nghệ thông tin,K30,"Tài liệu học tập về phát triển ứng dụng web, hỗ trợ sinh viên ngành Công nghệ thông tin ôn tập, tìm kiếm và nhận gợi ý tài liệu liên quan.",web|bảo mật|lập trình|công nghệ thông tin,PUBLIC,ACTIVE,0,0,30a904fd-f0a8-510b-a64a-95f70663a017,2026-05-16T08:31:53.330Z,2026-05-16T08:31:53.330Z,
a7ec3f25-5e79-4b7c-b532-49ff6707db7e,Phát triển chương trình đào tạo,Phát triển chương trình đào tạo.pptx,PPT,Giáo dục,Đại học Văn hóa Hà Nội,Quản lý giáo dục,K41,"Tài liệu học tập về phát triển chương trình đào tạo, hỗ trợ sinh viên ngành Sư phạm ôn tập, tìm kiếm và nhận gợi ý tài liệu liên quan.",giảng dạy|đánh giá|e-learning|giáo dục,PUBLIC,ACTIVE,0,0,7a5c927d-70a5-590c-9c0c-1d05c9571608,2026-05-16T08:31:54.516Z,2026-05-16T08:31:54.516Z,
bafa5d75-690b-492d-a01b-278c4e595289,Phân tích chi phí sản xuất,Phân tích chi phí sản xuất.pptx,PPT,Kế toán - Kiểm toán,Đại học Xây dựng Hà Nội,Kiểm toán,K36,"Tài liệu học tập về phân tích chi phí sản xuất, hỗ trợ sinh viên ngành Kế toán kiểm toán ôn tập, tìm kiếm và nhận gợi ý tài liệu liên quan.",báo cáo tài chính|chi phí|thuế|kế toán,PUBLIC,ACTIVE,0,0,af1f4f82-c0c2-50c9-9df1-be8e0326f633,2026-05-16T08:31:55.652Z,2026-05-16T08:31:55.652Z,
cdd38fb9-9c6e-40e2-b030-98d40d8f82c7,Phân tích báo cáo tài chính,Phân tích báo cáo tài chính.pptx,PPT,Tài chính - Ngân hàng,Đại học Y Dược TP.HCM,Tài chính ngân hàng,K31,"Tài liệu học tập về phân tích báo cáo tài chính, hỗ trợ sinh viên ngành Tài chính ngân hàng ôn tập, tìm kiếm và nhận gợi ý tài liệu liên quan.",ngân hàng|chứng khoán|tài chính|rủi ro,PUBLIC,ACTIVE,0,0,e50f8d41-6f77-5893-8b98-85a9174e05cc,2026-05-16T08:31:56.549Z,2026-05-16T08:31:56.549Z,
5301c4c8-78e8-490f-b74a-7fb0a4607061,Marketing du lịch,Marketing du lịch.docx,DOC,Du lịch - Khách sạn,Đại học Y Hà Nội,Quản trị khách sạn,K31,"Tài liệu học tập về marketing du lịch, hỗ trợ sinh viên ngành Quản trị du lịch khách sạn ôn tập, tìm kiếm và nhận gợi ý tài liệu liên quan.",tour|du lịch|trải nghiệm|khách sạn,PUBLIC,ACTIVE,0,0,2d0a3018-63ae-536d-8149-b4e2632d0c2b,2026-05-16T08:31:57.484Z,2026-05-16T08:31:57.484Z,
64aaf023-ca40-442b-a651-5c9e059b41f4,Kinh tế quốc tế căn bản,Kinh tế quốc tế căn bản.pptx,PPT,Kinh tế,Đại học Y tế Công cộng,Kinh tế,K32,"Tài liệu học tập về kinh tế quốc tế căn bản, hỗ trợ sinh viên ngành Kinh tế học ôn tập, tìm kiếm và nhận gợi ý tài liệu liên quan.",vi mô|vĩ mô|thị trường|kinh tế,PUBLIC,ACTIVE,0,0,d6ca6168-8d08-548f-aa9e-ca496ec6eaf9,2026-05-16T08:31:58.389Z,2026-05-16T08:31:58.389Z,
e07f54db-f75c-4f0e-afcf-c389b2ced1d2,Mô hình dự báo,Mô hình dự báo.docx,DOC,Khoa học dữ liệu,Đại học Điều dưỡng Nam Định,Khoa học dữ liệu,K43,"Tài liệu học tập về mô hình dự báo, hỗ trợ sinh viên ngành Khoa học dữ liệu ôn tập, tìm kiếm và nhận gợi ý tài liệu liên quan.",trực quan hóa|học máy|thống kê|dữ liệu,PUBLIC,ACTIVE,0,0,df8ad5f8-4ac4-5e19-8dde-c4df0fc24eb2,2026-05-16T08:31:59.540Z,2026-05-16T08:31:59.540Z,
018dfd55-267f-4a13-8195-fe0980da7f7f,Kinh tế môi trường,Kinh tế môi trường.docx,DOC,Môi trường,Đại học Cần Thơ,Quản lý tài nguyên,K40,"Tài liệu học tập về kinh tế môi trường, hỗ trợ sinh viên ngành Quản lý tài nguyên môi trường ôn tập, tìm kiếm và nhận gợi ý tài liệu liên quan.",khí hậu|nước thải|bền vững|chất thải,PUBLIC,ACTIVE,0,0,85e3b097-cc04-5cff-b413-6162c52dab90,2026-05-16T08:32:00.914Z,2026-05-16T08:32:00.914Z,
143fe5bd-9a20-4b4d-9b73-de296836e404,Phát triển bền vững,Phát triển bền vững.pptx,PPT,Môi trường,Đại học Bách khoa Hà Nội,Quản lý tài nguyên,K30,"Tài liệu học tập về phát triển bền vững, hỗ trợ sinh viên ngành Quản lý tài nguyên môi trường ôn tập, tìm kiếm và nhận gợi ý tài liệu liên quan.",bền vững|môi trường|chất thải|khí hậu,PUBLIC,ACTIVE,0,0,cee0a7a2-2a7d-578e-92c9-48e57d8fd773,2026-05-16T08:32:01.815Z,2026-05-16T08:32:01.815Z,
fab3cbd1-1ca2-4604-8d78-cf67c2441d0d,Lạm phát và chính sách tiền tệ,Lạm phát và chính sách tiền tệ.docx,DOC,Kinh tế,Đại học Tài nguyên và Môi trường TP.HCM,Kinh tế,K36,"Tài liệu học tập về lạm phát và chính sách tiền tệ, hỗ trợ sinh viên ngành Kinh tế học ôn tập, tìm kiếm và nhận gợi ý tài liệu liên quan.",vĩ mô|thị trường|kinh tế|vi mô,PUBLIC,ACTIVE,0,0,4e712b5b-8c61-53c3-a9cb-afd430a2ffce,2026-05-16T08:32:02.752Z,2026-05-16T08:32:02.752Z,
b419f591-59cf-45b4-82cf-a2f93cc6bfd8,Tâm lý học sức khỏe,Tâm lý học sức khỏe.pdf,PDF,Y dược,Đại học Quy Nhơn,Dược học,K33,"Tài liệu học tập về tâm lý học sức khỏe, hỗ trợ sinh viên ngành Y khoa ôn tập, tìm kiếm và nhận gợi ý tài liệu liên quan.",điều dưỡng|cộng đồng|sức khỏe|dược lý,PUBLIC,ACTIVE,0,0,ed7810df-e2df-5a04-8d50-a34d39b3ccff,2026-05-16T08:32:03.900Z,2026-05-16T08:32:03.900Z,
e157c45a-1e20-4687-bb6a-2b24bc6f180d,Trí tuệ nhân tạo nhập môn,Trí tuệ nhân tạo nhập môn.pptx,PPT,Công nghệ thông tin,Đại học Xây dựng Hà Nội,Hệ thống thông tin,K44,"Tài liệu học tập về trí tuệ nhân tạo nhập môn, hỗ trợ sinh viên ngành Công nghệ thông tin ôn tập, tìm kiếm và nhận gợi ý tài liệu liên quan.",web|công nghệ thông tin|cơ sở dữ liệu|bảo mật,PUBLIC,ACTIVE,0,0,e87e442b-988c-5946-90b4-ef12fb50aa99,2026-05-16T08:32:04.900Z,2026-05-16T08:32:04.900Z,
63cd4a44-8115-4e94-8362-247d0aa7312c,Chăm sóc sức khỏe cộng đồng,Chăm sóc sức khỏe cộng đồng.docx,DOC,Y dược,Học viện Công nghệ Bưu chính Viễn thông,Dược học,K38,"Tài liệu học tập về chăm sóc sức khỏe cộng đồng, hỗ trợ sinh viên ngành Y khoa ôn tập, tìm kiếm và nhận gợi ý tài liệu liên quan.",y dược|cộng đồng|dược lý|điều dưỡng,PUBLIC,ACTIVE,0,0,4edf93da-8acb-504a-bf1f-efb09b21f62a,2026-05-16T08:32:05.858Z,2026-05-16T08:32:05.858Z,
b7d63658-7fb8-44b8-87af-da7faf2ca807,Quản lý đất nông nghiệp,Quản lý đất nông nghiệp.pdf,PDF,Nông nghiệp,Đại học Văn hóa Hà Nội,Chăn nuôi,K44,"Tài liệu học tập về quản lý đất nông nghiệp, hỗ trợ sinh viên ngành Nông học ôn tập, tìm kiếm và nhận gợi ý tài liệu liên quan.",trồng trọt|hữu cơ|chăn nuôi|nông nghiệp,PUBLIC,ACTIVE,0,0,3f3c34e7-6f8c-5e8f-85eb-3f5752db68d9,2026-05-16T08:32:06.768Z,2026-05-16T08:32:06.768Z,
3dceb68b-90d9-4b8d-a37c-fd2c2793b4d0,Quản trị khách sạn,Quản trị khách sạn.pptx,PPT,Du lịch - Khách sạn,Đại học Văn hóa Hà Nội,Quản trị khách sạn,K35,"Tài liệu học tập về quản trị khách sạn, hỗ trợ sinh viên ngành Quản trị du lịch khách sạn ôn tập, tìm kiếm và nhận gợi ý tài liệu liên quan.",dịch vụ|trải nghiệm|du lịch|tour,PUBLIC,ACTIVE,0,0,0c817a24-f3ac-5b7d-8893-3f0b2c55c01d,2026-05-16T08:32:07.958Z,2026-05-16T08:32:07.958Z,
166e19d9-57a9-4a50-8f2c-912c19d2bd84,Kỹ thuật trồng trọt,Kỹ thuật trồng trọt.docx,DOC,Nông nghiệp,Đại học Thương mại,Chăn nuôi,K39,"Tài liệu học tập về kỹ thuật trồng trọt, hỗ trợ sinh viên ngành Nông học ôn tập, tìm kiếm và nhận gợi ý tài liệu liên quan.",thủy sản|nông nghiệp|trồng trọt|chăn nuôi,PUBLIC,ACTIVE,0,0,8d1824d2-daa7-5746-a6e5-04768d6f18a1,2026-05-16T08:32:08.944Z,2026-05-16T08:32:08.944Z,
992f8b5d-b81d-4f96-85c5-10aa8114a16b,Chăn nuôi gia súc,Chăn nuôi gia súc.docx,DOC,Nông nghiệp,Đại học Luật Hà Nội,Chăn nuôi,K39,"Tài liệu học tập về chăn nuôi gia súc, hỗ trợ sinh viên ngành Nông học ôn tập, tìm kiếm và nhận gợi ý tài liệu liên quan.",thủy sản|trồng trọt|nông nghiệp|hữu cơ,PUBLIC,ACTIVE,0,0,f6af3c89-1476-5b5e-9b43-ebf997b9221a,2026-05-16T08:32:09.903Z,2026-05-16T08:32:09.903Z,
c0392d74-5a17-41de-926c-fda8084e645c,Quản trị rủi ro tín dụng,Quản trị rủi ro tín dụng.pptx,PPT,Tài chính - Ngân hàng,Đại học Văn hóa Hà Nội,Tài chính ngân hàng,K36,"Tài liệu học tập về quản trị rủi ro tín dụng, hỗ trợ sinh viên ngành Tài chính ngân hàng ôn tập, tìm kiếm và nhận gợi ý tài liệu liên quan.",tài chính|đầu tư|rủi ro|ngân hàng,PUBLIC,ACTIVE,0,0,dfa3fcf3-57d3-4d7b-92fb-9374cbfe3cb5,2026-05-16T08:32:11.977Z,2026-05-16T08:32:11.977Z,
b6973d6a-dac4-4cb2-b687-edcf8f8cee73,Quản lý điểm đến,Quản lý điểm đến.docx,DOC,Du lịch - Khách sạn,Đại học FPT,Quản trị khách sạn,K34,"Tài liệu học tập về quản lý điểm đến, hỗ trợ sinh viên ngành Quản trị du lịch khách sạn ôn tập, tìm kiếm và nhận gợi ý tài liệu liên quan.",dịch vụ|du lịch|khách sạn|trải nghiệm,PUBLIC,ACTIVE,0,0,cd8735e9-81dd-500c-b523-0380dc4fc07f,2026-05-16T08:32:13.078Z,2026-05-16T08:32:13.078Z,
6c39cf00-34bd-4e17-90a5-6c4c33136169,Đánh giá tác động môi trường,Đánh giá tác động môi trường.docx,DOC,Môi trường,Đại học Kinh tế Quốc dân,Quản lý tài nguyên,K34,"Tài liệu học tập về đánh giá tác động môi trường, hỗ trợ sinh viên ngành Quản lý tài nguyên môi trường ôn tập, tìm kiếm và nhận gợi ý tài liệu liên quan.",khí hậu|chất thải|bền vững|môi trường,PUBLIC,ACTIVE,0,0,d6599c3e-189b-534c-afe5-754065037cea,2026-05-16T08:32:14.092Z,2026-05-16T08:32:14.092Z,
8db7fa57-cdce-47aa-8a6d-636e99194f5d,Đánh giá mô hình học máy,Đánh giá mô hình học máy.pdf,PDF,Khoa học dữ liệu,Đại học Cần Thơ,Khoa học dữ liệu,K37,"Tài liệu học tập về đánh giá mô hình học máy, hỗ trợ sinh viên ngành Khoa học dữ liệu ôn tập, tìm kiếm và nhận gợi ý tài liệu liên quan.",trực quan hóa|thống kê|học máy|python,PUBLIC,ACTIVE,0,0,17d47832-0955-54f3-8dc5-b279fba3dddd,2026-05-16T08:32:15.041Z,2026-05-16T08:32:15.041Z,
0bff6819-b876-4478-823e-d9b52cb8f5ee,Content marketing cho mạng xã hội,Content marketing cho mạng xã hội.pptx,PPT,Marketing,Đại học Công nghệ - ĐHQGHN,Digital Marketing,K42,"Tài liệu học tập về content marketing cho mạng xã hội, hỗ trợ sinh viên ngành Marketing ôn tập, tìm kiếm và nhận gợi ý tài liệu liên quan.",khách hàng|marketing|content|thương hiệu,PUBLIC,ACTIVE,0,0,e8a2c333-3b09-502e-9aad-5f21a36dc016,2026-05-16T08:32:16.201Z,2026-05-16T08:32:16.201Z,
f93b97e6-2654-4454-9a00-128272e73b6b,Thiết kế tour du lịch,Thiết kế tour du lịch.pdf,PDF,Du lịch - Khách sạn,Đại học Sư phạm Kỹ thuật Đà Nẵng,Quản trị khách sạn,K45,"Tài liệu học tập về thiết kế tour du lịch, hỗ trợ sinh viên ngành Quản trị du lịch khách sạn ôn tập, tìm kiếm và nhận gợi ý tài liệu liên quan.",tour|dịch vụ|du lịch|khách sạn,PUBLIC,ACTIVE,0,0,974e66fb-9d33-50bf-84d1-1842bf63218b,2026-05-16T08:32:17.129Z,2026-05-16T08:32:17.129Z,
2def9892-fda5-4575-aaa5-3b80dfd24ca6,Vật liệu xây dựng,Vật liệu xây dựng.pdf,PDF,Xây dựng - Kiến trúc,Đại học Cần Thơ,Kiến trúc,K35,"Tài liệu học tập về vật liệu xây dựng, hỗ trợ sinh viên ngành Kỹ thuật xây dựng ôn tập, tìm kiếm và nhận gợi ý tài liệu liên quan.",bản vẽ|dự toán|kiến trúc|kết cấu,PUBLIC,ACTIVE,0,0,86cc5c85-5935-50a0-b0fe-a248553ef2d8,2026-05-16T08:32:18.001Z,2026-05-16T08:32:18.001Z,
6f613816-33b2-4b9e-93a4-9d9900d343c4,Đọc hiểu tài liệu chuyên ngành,Đọc hiểu tài liệu chuyên ngành.pdf,PDF,Ngoại ngữ,Đại học Bách khoa Hà Nội,Biên phiên dịch,K38,"Tài liệu học tập về đọc hiểu tài liệu chuyên ngành, hỗ trợ sinh viên ngành Ngôn ngữ Anh ôn tập, tìm kiếm và nhận gợi ý tài liệu liên quan.",ngoại ngữ|tiếng Anh|học thuật|biên dịch,PUBLIC,ACTIVE,0,0,d6ca6168-8d08-548f-aa9e-ca496ec6eaf9,2026-05-16T08:32:18.958Z,2026-05-16T08:32:18.958Z,
243ef3ee-1b13-4b8a-be17-651f21ce5724,Nghiệp vụ lễ tân,Nghiệp vụ lễ tân.docx,DOC,Du lịch - Khách sạn,Học viện Báo chí và Tuyên truyền,Quản trị khách sạn,K45,"Tài liệu học tập về nghiệp vụ lễ tân, hỗ trợ sinh viên ngành Quản trị du lịch khách sạn ôn tập, tìm kiếm và nhận gợi ý tài liệu liên quan.",khách sạn|tour|dịch vụ|trải nghiệm,PUBLIC,ACTIVE,0,0,ca42a058-79b0-53a9-9b43-e3354c535685,2026-05-16T08:32:19.948Z,2026-05-16T08:32:19.948Z,
77c6b89b-75e2-4e84-8c19-cf8f96ac7331,Phương pháp giảng dạy tích cực,Phương pháp giảng dạy tích cực.docx,DOC,Giáo dục,Đại học Ngoại ngữ - Đại học Đà Nẵng,Sư phạm,K30,"Tài liệu học tập về phương pháp giảng dạy tích cực, hỗ trợ sinh viên ngành Sư phạm ôn tập, tìm kiếm và nhận gợi ý tài liệu liên quan.",giảng dạy|lớp học|đánh giá|giáo dục,PUBLIC,ACTIVE,0,0,5ccb9c5b-990c-552b-8773-c9400170ecb4,2026-05-16T08:32:20.926Z,2026-05-16T08:32:20.926Z,
fe4d1090-15fb-4c8d-b6bf-c67a9e1c0573,Luật thương mại,Luật thương mại.pdf,PDF,Luật,Đại học Thương mại,Luật thương mại,K30,"Tài liệu học tập về luật thương mại, hỗ trợ sinh viên ngành Luật kinh tế ôn tập, tìm kiếm và nhận gợi ý tài liệu liên quan.",doanh nghiệp|dân sự|hợp đồng|lao động,PUBLIC,ACTIVE,0,0,94429360-0577-56f6-a0ea-b0713aa61c78,2026-05-16T08:32:22.280Z,2026-05-16T08:32:22.280Z,
f85a8138-5368-4751-a163-910427631a74,Năng lượng tái tạo,Năng lượng tái tạo.docx,DOC,Môi trường,Đại học Xây dựng Hà Nội,Quản lý tài nguyên,K37,"Tài liệu học tập về năng lượng tái tạo, hỗ trợ sinh viên ngành Quản lý tài nguyên môi trường ôn tập, tìm kiếm và nhận gợi ý tài liệu liên quan.",nước thải|bền vững|môi trường|khí hậu,PUBLIC,ACTIVE,0,0,797b4323-73f6-510a-9f8f-2ac9aebae34d,2026-05-16T08:32:23.228Z,2026-05-16T08:32:23.228Z,
230c6334-097e-4939-ae99-213daad1f689,Lãnh đạo và ra quyết định,Lãnh đạo và ra quyết định.pdf,PDF,Quản trị kinh doanh,Đại học Sư phạm TP.HCM,Quản trị kinh doanh,K42,"Tài liệu học tập về lãnh đạo và ra quyết định, hỗ trợ sinh viên ngành Quản trị kinh doanh ôn tập, tìm kiếm và nhận gợi ý tài liệu liên quan.",dự án|chiến lược|quản trị|nhân sự,PUBLIC,ACTIVE,0,0,75c61d13-740c-5f7d-ac4a-08d033efb95d,2026-05-16T08:32:24.188Z,2026-05-16T08:32:24.188Z,
e3af0a11-ccd4-4819-b0a9-2e01f8b6378a,Dịch vụ nhà hàng,Dịch vụ nhà hàng.pptx,PPT,Du lịch - Khách sạn,Đại học Sư phạm TP.HCM,Quản trị khách sạn,K44,"Tài liệu học tập về dịch vụ nhà hàng, hỗ trợ sinh viên ngành Quản trị du lịch khách sạn ôn tập, tìm kiếm và nhận gợi ý tài liệu liên quan.",trải nghiệm|dịch vụ|du lịch|tour,PUBLIC,ACTIVE,0,0,e6e686ff-7a51-53dc-84d8-b0d94e6f1fc0,2026-05-16T08:32:25.115Z,2026-05-16T08:32:25.115Z,
bbaed1b3-0041-41b0-b115-20dc202d04a3,Khai phá dữ liệu,Khai phá dữ liệu.pdf,PDF,Khoa học dữ liệu,Đại học Luật Hà Nội,Khoa học dữ liệu,K32,"Tài liệu học tập về khai phá dữ liệu, hỗ trợ sinh viên ngành Khoa học dữ liệu ôn tập, tìm kiếm và nhận gợi ý tài liệu liên quan.",python|dữ liệu|trực quan hóa|thống kê,PUBLIC,ACTIVE,0,0,94ae5b47-16d8-5676-ba2f-2e40a513bb1f,2026-05-16T08:32:25.993Z,2026-05-16T08:32:25.993Z,
f11621a6-6e25-4218-ae57-3358daa1e040,Đánh giá kết quả học tập,Đánh giá kết quả học tập.pptx,PPT,Giáo dục,Đại học Duy Tân,Sư phạm,K45,"Tài liệu học tập về đánh giá kết quả học tập, hỗ trợ sinh viên ngành Sư phạm ôn tập, tìm kiếm và nhận gợi ý tài liệu liên quan.",đánh giá|giảng dạy|e-learning|lớp học,PUBLIC,ACTIVE,0,0,59e8e806-f7ea-5464-a373-2c6d82597b3b,2026-05-16T08:32:27.066Z,2026-05-16T08:32:27.066Z,
99b6018e-6b5a-4136-9212-4ee12f38cfae,Hành vi người tiêu dùng,Hành vi người tiêu dùng.docx,DOC,Kinh tế,Đại học Văn hóa Hà Nội,Kinh tế,K42,"Tài liệu học tập về hành vi người tiêu dùng, hỗ trợ sinh viên ngành Kinh tế học ôn tập, tìm kiếm và nhận gợi ý tài liệu liên quan.",vĩ mô|vi mô|thị trường|cung cầu,PUBLIC,ACTIVE,0,0,eaf736ba-1485-54d9-947c-d8093e1da33b,2026-05-16T08:32:27.960Z,2026-05-16T08:32:27.960Z,
757f2f24-0772-41d1-831c-663ba865f948,Đạo đức y sinh,Đạo đức y sinh.docx,DOC,Y dược,Đại học Văn Lang,Y khoa,K42,"Tài liệu học tập về đạo đức y sinh, hỗ trợ sinh viên ngành Y khoa ôn tập, tìm kiếm và nhận gợi ý tài liệu liên quan.",y dược|cộng đồng|sức khỏe|điều dưỡng,PUBLIC,ACTIVE,0,0,a95a19cc-ad27-5977-9b16-e1fc59b651be,2026-05-16T08:32:28.958Z,2026-05-16T08:32:28.958Z,
7368e5ca-20f7-48b8-be7d-14b57ee9606d,Ngữ pháp tiếng Anh học thuật,Ngữ pháp tiếng Anh học thuật.pptx,PPT,Ngoại ngữ,Đại học Kinh tế - Luật,Ngôn ngữ Anh,K31,"Tài liệu học tập về ngữ pháp tiếng anh học thuật, hỗ trợ sinh viên ngành Ngôn ngữ Anh ôn tập, tìm kiếm và nhận gợi ý tài liệu liên quan.",ngoại ngữ|tiếng Anh|học thuật|giao tiếp,PUBLIC,ACTIVE,0,0,ea5a58cd-b1ba-5ecf-ab9d-044c63e19574,2026-05-16T08:32:30.037Z,2026-05-16T08:32:30.037Z,
f6ec24da-994b-4569-8fed-03244e651ca5,Dinh dưỡng học ứng dụng,Dinh dưỡng học ứng dụng.docx,DOC,Y dược,Đại học Kinh tế TP.HCM,Dược học,K36,"Tài liệu học tập về dinh dưỡng học ứng dụng, hỗ trợ sinh viên ngành Y khoa ôn tập, tìm kiếm và nhận gợi ý tài liệu liên quan.",dược lý|sức khỏe|điều dưỡng|cộng đồng,PUBLIC,ACTIVE,0,0,99298261-8fa8-5a06-8745-d62b26f7dd2d,2026-05-16T08:32:30.996Z,2026-05-16T08:32:30.996Z,
a6906984-7eb0-44cc-b2f2-6bb1b9812fb1,Phân tích truyền thông xã hội,Phân tích truyền thông xã hội.pdf,PDF,Truyền thông,Đại học Sư phạm Hà Nội,,K44,"Tài liệu học tập về phân tích truyền thông xã hội, hỗ trợ sinh viên ngành Truyền thông đa phương tiện ôn tập, tìm kiếm và nhận gợi ý tài liệu liên quan.",sự kiện|PR|mạng xã hội|truyền thông,PUBLIC,ACTIVE,0,0,a37a7a75-3a9c-5718-b638-950bce60ff07,2026-05-16T08:32:31.926Z,2026-05-16T08:32:31.926Z,
71391d80-04cb-4703-82bb-ac9a1ebf1036,Điều dưỡng cơ bản,Điều dưỡng cơ bản.pptx,PPT,Y dược,Đại học Ngoại ngữ - Đại học Đà Nẵng,Dược học,K43,"Tài liệu học tập về điều dưỡng cơ bản, hỗ trợ sinh viên ngành Y khoa ôn tập, tìm kiếm và nhận gợi ý tài liệu liên quan.",sức khỏe|điều dưỡng|dược lý|y dược,PUBLIC,ACTIVE,0,0,d4d01259-9ad6-5c17-b45e-bc8edcd4948d,2026-05-16T08:32:33.233Z,2026-05-16T08:32:33.233Z,
5de90982-430e-4763-a587-4ca9605d98de,Nghiên cứu khoa học giáo dục,Nghiên cứu khoa học giáo dục.pdf,PDF,Giáo dục,Đại học Tài nguyên và Môi trường TP.HCM,Quản lý giáo dục,K35,"Tài liệu học tập về nghiên cứu khoa học giáo dục, hỗ trợ sinh viên ngành Sư phạm ôn tập, tìm kiếm và nhận gợi ý tài liệu liên quan.",giáo dục|giảng dạy|e-learning|lớp học,PUBLIC,ACTIVE,0,0,22c5554a-d049-53bc-a7e9-34f63c78af41,2026-05-16T08:32:34.226Z,2026-05-16T08:32:34.226Z,
35c645aa-5c6c-4721-9110-18d10ceea05a,Thị trường chứng khoán căn bản,Thị trường chứng khoán căn bản.pdf,PDF,Tài chính - Ngân hàng,Đại học Ngoại ngữ - ĐHQGHN,Tài chính ngân hàng,K36,"Tài liệu học tập về thị trường chứng khoán căn bản, hỗ trợ sinh viên ngành Tài chính ngân hàng ôn tập, tìm kiếm và nhận gợi ý tài liệu liên quan.",đầu tư|tài chính|rủi ro|ngân hàng,PUBLIC,ACTIVE,0,0,cf2d5452-5df1-57d9-b070-2fa1cb55b0d2,2026-05-16T08:32:35.225Z,2026-05-16T08:32:35.225Z,
45f2cf36-ae4d-4824-850d-4a9c8a2d8ab8,Chu trình kế toán bán hàng,Chu trình kế toán bán hàng.pdf,PDF,Kế toán - Kiểm toán,Học viện Ngân hàng,Kiểm toán,K44,"Tài liệu học tập về chu trình kế toán bán hàng, hỗ trợ sinh viên ngành Kế toán kiểm toán ôn tập, tìm kiếm và nhận gợi ý tài liệu liên quan.",kế toán|kiểm toán|thuế|chi phí,PUBLIC,ACTIVE,0,0,263fda60-371e-5d07-8319-3e028db6c013,2026-05-16T08:32:36.221Z,2026-05-16T08:32:36.221Z,
c5237bfc-4c44-4b58-98d4-17c45451f443,Dược lý học đại cương,Dược lý học đại cương.pptx,PPT,Y dược,Đại học Kinh tế - Luật,Dược học,K39,"Tài liệu học tập về dược lý học đại cương, hỗ trợ sinh viên ngành Y khoa ôn tập, tìm kiếm và nhận gợi ý tài liệu liên quan.",sức khỏe|điều dưỡng|y dược|dược lý,PUBLIC,ACTIVE,0,0,ad0a9049-151d-55fd-a87d-b2018fb5b52d,2026-05-16T08:32:37.152Z,2026-05-16T08:32:37.152Z,
551f127d-183d-49ca-ac84-cb8bfb267dfe,Quản lý chất thải rắn,Quản lý chất thải rắn.pptx,PPT,Môi trường,Đại học Điều dưỡng Nam Định,Quản lý tài nguyên,K39,"Tài liệu học tập về quản lý chất thải rắn, hỗ trợ sinh viên ngành Quản lý tài nguyên môi trường ôn tập, tìm kiếm và nhận gợi ý tài liệu liên quan.",bền vững|nước thải|chất thải|môi trường,PUBLIC,ACTIVE,0,0,1d096f3e-df83-518d-937e-a8f322e70d2b,2026-05-16T08:32:38.029Z,2026-05-16T08:32:38.029Z,
c28ac61f-9258-40e5-9885-db79647bce04,Quy hoạch đô thị,Quy hoạch đô thị.pdf,PDF,Xây dựng - Kiến trúc,Đại học Khoa học Xã hội và Nhân văn - ĐHQGHN,Kiến trúc,K44,"Tài liệu học tập về quy hoạch đô thị, hỗ trợ sinh viên ngành Kỹ thuật xây dựng ôn tập, tìm kiếm và nhận gợi ý tài liệu liên quan.",kết cấu|bản vẽ|dự toán|kiến trúc,PUBLIC,ACTIVE,0,0,9d1e810c-7776-5893-bf14-7c13c509d84b,2026-05-16T08:32:38.975Z,2026-05-16T08:32:38.975Z,
9f0bc38f-909c-4d3d-8f17-344ec92e17b2,Lý luận nhà nước và pháp luật,Lý luận nhà nước và pháp luật.pptx,PPT,Luật,Học viện Ngân hàng,Luật dân sự,K43,"Tài liệu học tập về lý luận nhà nước và pháp luật, hỗ trợ sinh viên ngành Luật kinh tế ôn tập, tìm kiếm và nhận gợi ý tài liệu liên quan.",doanh nghiệp|dân sự|lao động|hợp đồng,PUBLIC,ACTIVE,0,0,fda5dd33-90da-57ca-9a90-579c6a39f78e,2026-05-16T08:32:40.145Z,2026-05-16T08:32:40.145Z,
4d950945-d12e-4c17-8475-5c774e93abd6,Nhập môn truyền thông đại chúng,Nhập môn truyền thông đại chúng.docx,DOC,Truyền thông,Đại học Khoa học Tự nhiên - ĐHQG TP.HCM,Truyền thông,K34,"Tài liệu học tập về nhập môn truyền thông đại chúng, hỗ trợ sinh viên ngành Truyền thông đa phương tiện ôn tập, tìm kiếm và nhận gợi ý tài liệu liên quan.",mạng xã hội|truyền thông|PR|nội dung số,PUBLIC,ACTIVE,0,0,f682777b-e038-50f9-b434-a5005eb6f1d6,2026-05-16T08:32:41.205Z,2026-05-16T08:32:41.205Z,
8420d486-7517-445c-aedd-fd989ce5962a,Thiết kế bài giảng điện tử,Thiết kế bài giảng điện tử.pptx,PPT,Giáo dục,Đại học Văn hóa Hà Nội,Sư phạm,K37,"Tài liệu học tập về thiết kế bài giảng điện tử, hỗ trợ sinh viên ngành Sư phạm ôn tập, tìm kiếm và nhận gợi ý tài liệu liên quan.",e-learning|lớp học|giảng dạy|giáo dục,PUBLIC,ACTIVE,0,0,078121d8-e8fa-5a0a-a3de-7477bb843943,2026-05-16T08:32:42.263Z,2026-05-16T08:32:42.263Z,
ee745a2c-62f9-47bc-9ba5-ecf02c55cab0,Quản lý danh mục đầu tư,Quản lý danh mục đầu tư.pptx,PPT,Tài chính - Ngân hàng,Đại học Tài chính - Marketing,Tài chính ngân hàng,K34,"Tài liệu học tập về quản lý danh mục đầu tư, hỗ trợ sinh viên ngành Tài chính ngân hàng ôn tập, tìm kiếm và nhận gợi ý tài liệu liên quan.",tài chính|rủi ro|ngân hàng|đầu tư,PUBLIC,ACTIVE,0,0,573a4bc5-c52d-569d-a67b-4f2e5c19d4d5,2026-05-16T08:32:43.437Z,2026-05-16T08:32:43.437Z,
12f883f3-d530-48f1-902d-90cea8dd21b8,Dự toán xây dựng,Dự toán xây dựng.pptx,PPT,Xây dựng - Kiến trúc,Đại học Y Dược TP.HCM,Kiến trúc,K34,"Tài liệu học tập về dự toán xây dựng, hỗ trợ sinh viên ngành Kỹ thuật xây dựng ôn tập, tìm kiếm và nhận gợi ý tài liệu liên quan.",kiến trúc|bản vẽ|dự toán|kết cấu,PUBLIC,ACTIVE,0,0,72477a64-0faa-534c-9af2-0816706300f3,2026-05-16T08:32:44.345Z,2026-05-16T08:32:44.345Z,
ab71cfd9-a53b-41fa-a536-0141e78e550d,Xử lý nước thải,Xử lý nước thải.pptx,PPT,Môi trường,Đại học Thương mại,Quản lý tài nguyên,K45,"Tài liệu học tập về xử lý nước thải, hỗ trợ sinh viên ngành Quản lý tài nguyên môi trường ôn tập, tìm kiếm và nhận gợi ý tài liệu liên quan.",môi trường|khí hậu|bền vững|chất thải,PUBLIC,ACTIVE,0,0,1f320a9e-9259-56c3-a9d4-ecf0cafa4433,2026-05-16T08:32:45.343Z,2026-05-16T08:32:45.343Z,
e34f73e6-e624-4c2e-8b7a-90a52e9eacb3,Luật hình sự căn bản,Luật hình sự căn bản.docx,DOC,Luật,Đại học Kiến trúc TP.HCM,Luật dân sự,K44,"Tài liệu học tập về luật hình sự căn bản, hỗ trợ sinh viên ngành Luật kinh tế ôn tập, tìm kiếm và nhận gợi ý tài liệu liên quan.",lao động|luật|dân sự|hợp đồng,PUBLIC,ACTIVE,0,0,e49771eb-8671-5f09-a462-b94d62169be7,2026-05-16T08:32:46.282Z,2026-05-16T08:32:46.282Z,
cf620ee2-7a27-4cc1-bd5a-57646c0687ee,Văn hóa du lịch Việt Nam,Văn hóa du lịch Việt Nam.docx,DOC,Du lịch - Khách sạn,Đại học Duy Tân,Quản trị khách sạn,K39,"Tài liệu học tập về văn hóa du lịch việt nam, hỗ trợ sinh viên ngành Quản trị du lịch khách sạn ôn tập, tìm kiếm và nhận gợi ý tài liệu liên quan.",dịch vụ|tour|trải nghiệm|khách sạn,PUBLIC,ACTIVE,0,0,da6808d5-c479-58ca-8dec-19d3b8343374,2026-05-16T08:32:47.252Z,2026-05-16T08:32:47.252Z,
43d79757-0aaf-4816-ab6a-457bc89bd175,Phân tích hành vi khách hàng,Phân tích hành vi khách hàng.pptx,PPT,Marketing,Đại học Tài nguyên và Môi trường Hà Nội,Digital Marketing,K30,"Tài liệu học tập về phân tích hành vi khách hàng, hỗ trợ sinh viên ngành Marketing ôn tập, tìm kiếm và nhận gợi ý tài liệu liên quan.",content|khách hàng|digital|thương hiệu,PUBLIC,ACTIVE,0,0,d093bdcf-ae9c-5de5-a322-b8e2dd5fd0bb,2026-05-16T08:32:48.186Z,2026-05-16T08:32:48.186Z,
d0d58c13-1539-4859-ae02-07ce947b87ea,Chiến lược marketing căn bản,Chiến lược marketing căn bản.pdf,PDF,Marketing,Đại học Kiến trúc TP.HCM,Marketing,K37,"Tài liệu học tập về chiến lược marketing căn bản, hỗ trợ sinh viên ngành Marketing ôn tập, tìm kiếm và nhận gợi ý tài liệu liên quan.",content|khách hàng|thương hiệu|marketing,PUBLIC,ACTIVE,0,0,a88aa7e3-a1b5-5fde-b015-73835e660d53,2026-05-16T08:32:49.089Z,2026-05-16T08:32:49.089Z,
4d427e67-f6da-4163-8be9-c0f9052006bc,Luật sở hữu trí tuệ,Luật sở hữu trí tuệ.docx,DOC,Luật,Đại học Luật Hà Nội,Luật dân sự,K33,"Tài liệu học tập về luật sở hữu trí tuệ, hỗ trợ sinh viên ngành Luật kinh tế ôn tập, tìm kiếm và nhận gợi ý tài liệu liên quan.",doanh nghiệp|luật|lao động|dân sự,PUBLIC,ACTIVE,0,0,789418c2-72e7-5294-a283-39fbb27cfc30,2026-05-16T08:32:50.095Z,2026-05-16T08:32:50.095Z,
cbbe6703-c677-423b-bd48-238262073ee0,Dữ liệu lớn,Dữ liệu lớn.pptx,PPT,Khoa học dữ liệu,Đại học Thương mại,Khoa học dữ liệu,K45,"Tài liệu học tập về dữ liệu lớn, hỗ trợ sinh viên ngành Khoa học dữ liệu ôn tập, tìm kiếm và nhận gợi ý tài liệu liên quan.",thống kê|python|trực quan hóa|học máy,PUBLIC,ACTIVE,0,0,cae81781-6243-5733-8f06-74a6a8a6dbb9,2026-05-16T08:32:51.023Z,2026-05-16T08:32:51.023Z,
779a59c6-7eb1-45a5-a414-ba5bad30e788,Quan hệ công chúng,Quan hệ công chúng.pptx,PPT,Truyền thông,Đại học Y tế Công cộng,Quan hệ công chúng,K37,"Tài liệu học tập về quan hệ công chúng, hỗ trợ sinh viên ngành Truyền thông đa phương tiện ôn tập, tìm kiếm và nhận gợi ý tài liệu liên quan.",sự kiện|nội dung số|mạng xã hội|truyền thông,PUBLIC,ACTIVE,0,0,6bdb267e-595a-5545-837a-286630bbbc3b,2026-05-16T08:32:52.012Z,2026-05-16T08:32:52.012Z,
83118496-3611-4c42-bd7c-659b8be796fb,Quan trắc môi trường,Quan trắc môi trường.docx,DOC,Môi trường,Đại học Tài chính - Marketing,Quản lý tài nguyên,K36,"Tài liệu học tập về quan trắc môi trường, hỗ trợ sinh viên ngành Quản lý tài nguyên môi trường ôn tập, tìm kiếm và nhận gợi ý tài liệu liên quan.",môi trường|nước thải|chất thải|khí hậu,PUBLIC,ACTIVE,0,0,7cde03af-8677-5175-9efa-8434c78a084c,2026-05-16T08:32:52.983Z,2026-05-16T08:32:52.983Z,
b0f69d0a-4f8f-4da5-be53-2d4cb601b484,Tiếng Nhật sơ cấp,Tiếng Nhật sơ cấp.pdf,PDF,Ngoại ngữ,Đại học Lao động - Xã hội,Ngôn ngữ Nhật,K35,"Tài liệu học tập về tiếng nhật sơ cấp, hỗ trợ sinh viên ngành Ngôn ngữ Anh ôn tập, tìm kiếm và nhận gợi ý tài liệu liên quan.",biên dịch|học thuật|giao tiếp|tiếng Anh,PUBLIC,ACTIVE,0,0,8c7294a9-a50e-5210-98bb-e7444b0f8994,2026-05-16T08:32:54.202Z,2026-05-16T08:32:54.202Z,
9fb2bdd3-a996-4109-b4ca-e20c45cd5595,Kỹ năng viết luận tiếng Anh,Kỹ năng viết luận tiếng Anh.docx,DOC,Ngoại ngữ,Học viện Nông nghiệp Việt Nam,Biên phiên dịch,K40,"Tài liệu học tập về kỹ năng viết luận tiếng anh, hỗ trợ sinh viên ngành Ngôn ngữ Anh ôn tập, tìm kiếm và nhận gợi ý tài liệu liên quan.",biên dịch|học thuật|giao tiếp|tiếng Anh,PUBLIC,ACTIVE,0,0,e11cbbab-1571-574a-89a3-361a172e0005,2026-05-16T08:32:55.250Z,2026-05-16T08:32:55.250Z,
daee73e1-786d-4769-9e50-543ce30c99dc,Phân tích cạnh tranh ngành,Phân tích cạnh tranh ngành.pdf,PDF,Kinh tế,Đại học Y Hà Nội,Kinh tế,K35,"Tài liệu học tập về phân tích cạnh tranh ngành, hỗ trợ sinh viên ngành Kinh tế học ôn tập, tìm kiếm và nhận gợi ý tài liệu liên quan.",thị trường|vĩ mô|kinh tế|vi mô,PUBLIC,ACTIVE,0,0,6837dc9e-98e1-5c99-8b82-8e91491c7be4,2026-05-16T08:32:56.164Z,2026-05-16T08:32:56.164Z,
22cf3516-fa48-4f3a-9ec4-5ea97fbbdeb6,Cơ sở dữ liệu quan hệ,Cơ sở dữ liệu quan hệ.docx,DOC,Công nghệ thông tin,Đại học Lao động - Xã hội,Hệ thống thông tin,K41,"Tài liệu học tập về cơ sở dữ liệu quan hệ, hỗ trợ sinh viên ngành Công nghệ thông tin ôn tập, tìm kiếm và nhận gợi ý tài liệu liên quan.",web|bảo mật|cơ sở dữ liệu|công nghệ thông tin,PUBLIC,ACTIVE,0,0,062a52c6-0d94-5b56-98dc-42d0e775b4ea,2026-05-16T08:32:57.200Z,2026-05-16T08:32:57.200Z,
9580473f-8d79-4557-b2ef-dd777ff79035,Tiền xử lý dữ liệu,Tiền xử lý dữ liệu.docx,DOC,Khoa học dữ liệu,Đại học Tài nguyên và Môi trường Hà Nội,Khoa học dữ liệu,K35,"Tài liệu học tập về tiền xử lý dữ liệu, hỗ trợ sinh viên ngành Khoa học dữ liệu ôn tập, tìm kiếm và nhận gợi ý tài liệu liên quan.",trực quan hóa|python|dữ liệu|học máy,PUBLIC,ACTIVE,0,0,b95f58fa-b079-5c5a-9a45-5e8afb6cbea0,2026-05-16T08:32:58.149Z,2026-05-16T08:32:58.149Z,
799b7e06-22ec-4d2c-9347-23f316b7c4da,Kinh tế số và đổi mới sáng tạo,Kinh tế số và đổi mới sáng tạo.pdf,PDF,Kinh tế,Đại học Nông Lâm Huế,Kinh tế,K43,"Tài liệu học tập về kinh tế số và đổi mới sáng tạo, hỗ trợ sinh viên ngành Kinh tế học ôn tập, tìm kiếm và nhận gợi ý tài liệu liên quan.",thị trường|vĩ mô|cung cầu|kinh tế,PUBLIC,ACTIVE,0,0,62495e3e-5793-5947-91f3-477123bd39d1,2026-05-16T08:32:59.081Z,2026-05-16T08:32:59.081Z,
ce7a9f54-9811-4d19-aff0-18b91e325eb9,Sinh thái học ứng dụng,Sinh thái học ứng dụng.pptx,PPT,Môi trường,Học viện Ngân hàng,Quản lý tài nguyên,K33,"Tài liệu học tập về sinh thái học ứng dụng, hỗ trợ sinh viên ngành Quản lý tài nguyên môi trường ôn tập, tìm kiếm và nhận gợi ý tài liệu liên quan.",bền vững|khí hậu|nước thải|môi trường,PUBLIC,ACTIVE,0,0,93c2385c-5b23-57dd-9cb2-bea603a7ac6b,2026-05-16T08:32:59.950Z,2026-05-16T08:32:59.950Z,
906b706b-fd3b-40f2-87f4-88a1c178a37d,Tiếng Hàn giao tiếp,Tiếng Hàn giao tiếp.pdf,PDF,Ngoại ngữ,Đại học Văn hóa Hà Nội,Ngôn ngữ Hàn,K42,"Tài liệu học tập về tiếng hàn giao tiếp, hỗ trợ sinh viên ngành Ngôn ngữ Anh ôn tập, tìm kiếm và nhận gợi ý tài liệu liên quan.",biên dịch|giao tiếp|học thuật|ngoại ngữ,PUBLIC,ACTIVE,0,0,2e87b17f-c113-522c-acaa-7b44efd79e07,2026-05-16T08:33:00.825Z,2026-05-16T08:33:00.825Z,
44104be7-0792-4d99-994f-e9418663d0bb,Phiên dịch căn bản,Phiên dịch căn bản.pptx,PPT,Ngoại ngữ,Đại học Sư phạm Kỹ thuật Đà Nẵng,Biên phiên dịch,K40,"Tài liệu học tập về phiên dịch căn bản, hỗ trợ sinh viên ngành Ngôn ngữ Anh ôn tập, tìm kiếm và nhận gợi ý tài liệu liên quan.",biên dịch|tiếng Anh|học thuật|ngoại ngữ,PUBLIC,ACTIVE,0,0,f8df8e59-162a-5cab-81df-821088432146,2026-05-16T08:33:01.722Z,2026-05-16T08:33:01.722Z,
8d735e5f-e55c-4fc8-b82a-47dc025ddff2,Kiểm soát nội bộ,Kiểm soát nội bộ.pdf,PDF,Kế toán - Kiểm toán,Học viện Công nghệ Bưu chính Viễn thông,Kiểm toán,K33,"Tài liệu học tập về kiểm soát nội bộ, hỗ trợ sinh viên ngành Kế toán kiểm toán ôn tập, tìm kiếm và nhận gợi ý tài liệu liên quan.",kế toán|thuế|chi phí|kiểm toán,PUBLIC,ACTIVE,0,0,672a0fc8-2419-5793-b116-71a95675e6bd,2026-05-16T08:33:02.716Z,2026-05-16T08:33:02.716Z,
595c61a2-34b8-4bd3-aa08-2ec54fcb5799,Tâm lý học giáo dục,Tâm lý học giáo dục.docx,DOC,Giáo dục,Đại học Kinh tế TP.HCM,Sư phạm,K44,"Tài liệu học tập về tâm lý học giáo dục, hỗ trợ sinh viên ngành Sư phạm ôn tập, tìm kiếm và nhận gợi ý tài liệu liên quan.",đánh giá|e-learning|giảng dạy|lớp học,PUBLIC,ACTIVE,0,0,275a87cc-018d-507a-87f4-a1fab659533b,2026-05-16T08:33:03.642Z,2026-05-16T08:33:03.642Z,
0c2db546-72f1-4731-8cbf-f761e3d77fbb,Giáo dục hòa nhập,Giáo dục hòa nhập.docx,DOC,Giáo dục,Đại học Cần Thơ,Sư phạm,K42,"Tài liệu học tập về giáo dục hòa nhập, hỗ trợ sinh viên ngành Sư phạm ôn tập, tìm kiếm và nhận gợi ý tài liệu liên quan.",e-learning|giảng dạy|giáo dục|đánh giá,PUBLIC,ACTIVE,0,0,5d3054d3-8a41-5d90-a8fc-4ba198358d3a,2026-05-16T08:33:05.002Z,2026-05-16T08:33:05.002Z,
70fcd063-74a9-4daa-90cd-b6b05e41f838,Phân tích cung cầu thị trường,Phân tích cung cầu thị trường.docx,DOC,Kinh tế,Đại học Văn hóa Hà Nội,Kinh tế,K34,"Tài liệu học tập về phân tích cung cầu thị trường, hỗ trợ sinh viên ngành Kinh tế học ôn tập, tìm kiếm và nhận gợi ý tài liệu liên quan.",thị trường|vĩ mô|cung cầu|kinh tế,PUBLIC,ACTIVE,0,0,206f78e3-b555-5050-82b2-d9b494edc87c,2026-05-16T08:33:05.908Z,2026-05-16T08:33:05.908Z,
e0a83baa-67ea-4e08-907b-add7e0ab1748,Khởi nghiệp và đổi mới sáng tạo,Khởi nghiệp và đổi mới sáng tạo.pdf,PDF,Quản trị kinh doanh,Đại học Lao động - Xã hội,Quản trị kinh doanh,K39,"Tài liệu học tập về khởi nghiệp và đổi mới sáng tạo, hỗ trợ sinh viên ngành Quản trị kinh doanh ôn tập, tìm kiếm và nhận gợi ý tài liệu liên quan.",vận hành|nhân sự|dự án|quản trị,PUBLIC,ACTIVE,0,0,764f9950-3876-5dd2-afc9-0589936979e3,2026-05-16T08:33:07.229Z,2026-05-16T08:33:07.229Z,
b62c2761-d09d-45e3-a632-2ec6e27a3b24,Thương mại điện tử căn bản,Thương mại điện tử căn bản.pptx,PPT,Kinh tế,Học viện Công nghệ Bưu chính Viễn thông,Kinh tế,K42,"Tài liệu học tập về thương mại điện tử căn bản, hỗ trợ sinh viên ngành Kinh tế học ôn tập, tìm kiếm và nhận gợi ý tài liệu liên quan.",vi mô|thị trường|kinh tế|vĩ mô,PUBLIC,ACTIVE,0,0,cfda3a93-4d61-5a72-ad81-9d8c08ce5ca7,2026-05-16T08:33:08.178Z,2026-05-16T08:33:08.178Z,
2f17d5fb-48e0-4a83-8916-e11a97f3ee86,Biến đổi khí hậu,Biến đổi khí hậu.pdf,PDF,Môi trường,Đại học Kinh tế TP.HCM,Quản lý tài nguyên,K33,"Tài liệu học tập về biến đổi khí hậu, hỗ trợ sinh viên ngành Quản lý tài nguyên môi trường ôn tập, tìm kiếm và nhận gợi ý tài liệu liên quan.",khí hậu|nước thải|chất thải|bền vững,PUBLIC,ACTIVE,0,0,7b8cfd23-4266-5afa-837c-60f04d2be18c,2026-05-16T08:33:09.249Z,2026-05-16T08:33:09.249Z,
dbf3b273-4584-427a-8c8d-0ebad4b8820f,Nghiên cứu thị trường,Nghiên cứu thị trường.docx,DOC,Marketing,Đại học Quy Nhơn,Digital Marketing,K35,"Tài liệu học tập về nghiên cứu thị trường, hỗ trợ sinh viên ngành Marketing ôn tập, tìm kiếm và nhận gợi ý tài liệu liên quan.",khách hàng|digital|thương hiệu|content,PUBLIC,ACTIVE,0,0,5ec0cba0-f1fd-5e5f-9ab8-0086f984b948,2026-05-16T08:33:10.190Z,2026-05-16T08:33:10.190Z,
ea349795-50ee-4e65-94cb-ed83014beeca,Nghiệp vụ ngân hàng thương mại,Nghiệp vụ ngân hàng thương mại.pdf,PDF,Tài chính - Ngân hàng,Đại học Mở TP.HCM,Tài chính ngân hàng,K39,"Tài liệu học tập về nghiệp vụ ngân hàng thương mại, hỗ trợ sinh viên ngành Tài chính ngân hàng ôn tập, tìm kiếm và nhận gợi ý tài liệu liên quan.",tài chính|rủi ro|ngân hàng|chứng khoán,PUBLIC,ACTIVE,0,0,4fc92b6d-0884-5382-94c9-dfa474b839a6,2026-05-16T08:33:11.198Z,2026-05-16T08:33:11.198Z,
5b444de1-041d-4dfe-8794-5b8d6d695b72,Y học dự phòng,Y học dự phòng.pptx,PPT,Y dược,Đại học Khoa học Tự nhiên - ĐHQG TP.HCM,Dược học,K41,"Tài liệu học tập về y học dự phòng, hỗ trợ sinh viên ngành Y khoa ôn tập, tìm kiếm và nhận gợi ý tài liệu liên quan.",cộng đồng|dược lý|sức khỏe|y dược,PUBLIC,ACTIVE,0,0,bc93b7d4-b07b-5eb7-b11d-2fae0a83eb38,2026-05-16T08:33:12.099Z,2026-05-16T08:33:12.099Z,
3d0be74d-37f8-48a9-b90f-eb573d194120,Pháp luật về hợp đồng,Pháp luật về hợp đồng.pdf,PDF,Luật,Học viện Nông nghiệp Việt Nam,Luật dân sự,K37,"Tài liệu học tập về pháp luật về hợp đồng, hỗ trợ sinh viên ngành Luật kinh tế ôn tập, tìm kiếm và nhận gợi ý tài liệu liên quan.",hợp đồng|dân sự|doanh nghiệp|luật,PUBLIC,ACTIVE,0,0,ee007606-fdfb-56f1-bd8b-54cea1fb8bd7,2026-05-16T08:33:13.100Z,2026-05-16T08:33:13.100Z,
42556576-85c8-45f3-b1d0-993e223f1982,Kiểm soát nhiễm khuẩn,Kiểm soát nhiễm khuẩn.pdf,PDF,Y dược,Đại học Nông Lâm TP.HCM,,K45,"Tài liệu học tập về kiểm soát nhiễm khuẩn, hỗ trợ sinh viên ngành Y khoa ôn tập, tìm kiếm và nhận gợi ý tài liệu liên quan.",y dược|điều dưỡng|sức khỏe|cộng đồng,PUBLIC,ACTIVE,0,0,f499ff5a-0392-5bd7-826c-343ab6fb5f36,2026-05-16T08:33:13.994Z,2026-05-16T08:33:13.994Z,
41cf5b51-55cd-4fc6-bbed-0f381eb68d46,Quản trị chuỗi cung ứng,Quản trị chuỗi cung ứng.pdf,PDF,Quản trị kinh doanh,Đại học Hà Nội,Quản trị kinh doanh,K33,"Tài liệu học tập về quản trị chuỗi cung ứng, hỗ trợ sinh viên ngành Quản trị kinh doanh ôn tập, tìm kiếm và nhận gợi ý tài liệu liên quan.",quản trị|nhân sự|chiến lược|vận hành,PUBLIC,ACTIVE,0,0,cef4be30-1462-5207-b78a-a8def9dd904e,2026-05-16T08:33:15.288Z,2026-05-16T08:33:15.288Z,
bb8a24a1-992d-4de9-a3c6-8f8e2e4dcd23,Mạng máy tính,Mạng máy tính.pdf,PDF,Công nghệ thông tin,Đại học Thương mại,Hệ thống thông tin,K30,"Tài liệu học tập về mạng máy tính, hỗ trợ sinh viên ngành Công nghệ thông tin ôn tập, tìm kiếm và nhận gợi ý tài liệu liên quan.",cơ sở dữ liệu|bảo mật|công nghệ thông tin|lập trình,PUBLIC,ACTIVE,0,0,5d2783e7-cc8b-5b54-be7d-743231a5dba0,2026-05-16T08:33:16.233Z,2026-05-16T08:33:16.233Z,
208db906-31ed-4e5f-9b43-d8b88ae5bbaa,An toàn thông tin,An toàn thông tin.pdf,PDF,Công nghệ thông tin,Đại học Mở TP.HCM,An toàn thông tin,K32,"Tài liệu học tập về an toàn thông tin, hỗ trợ sinh viên ngành Công nghệ thông tin ôn tập, tìm kiếm và nhận gợi ý tài liệu liên quan.",công nghệ thông tin|web|bảo mật|cơ sở dữ liệu,PUBLIC,ACTIVE,0,0,f48a834b-3fec-59dd-8372-284567c5fe06,2026-05-16T08:33:17.211Z,2026-05-16T08:33:17.211Z,
9980d707-fcb3-46d8-afe1-dae36a7d2a27,Sinh lý học người,Sinh lý học người.pptx,PPT,Y dược,Đại học Sư phạm Hà Nội,Dược học,K42,"Tài liệu học tập về sinh lý học người, hỗ trợ sinh viên ngành Y khoa ôn tập, tìm kiếm và nhận gợi ý tài liệu liên quan.",dược lý|điều dưỡng|y dược|sức khỏe,PUBLIC,ACTIVE,0,0,8a970e57-38b9-58c3-bf92-371893bc33f9,2026-05-16T08:33:18.164Z,2026-05-16T08:33:18.164Z,
5f254548-d471-443c-95eb-6b888aee6a6f,Kỹ năng viết tin,Kỹ năng viết tin.pptx,PPT,Truyền thông,Đại học Y Dược TP.HCM,,K36,"Tài liệu học tập về kỹ năng viết tin, hỗ trợ sinh viên ngành Truyền thông đa phương tiện ôn tập, tìm kiếm và nhận gợi ý tài liệu liên quan.",sự kiện|PR|mạng xã hội|nội dung số,PUBLIC,ACTIVE,0,0,b639ba5a-17ac-536f-b25d-130c5a67d640,2026-05-16T08:33:19.241Z,2026-05-16T08:33:19.241Z,
e5e05c41-64ee-4337-9803-9516ad359557,Trực quan hóa dữ liệu,Trực quan hóa dữ liệu.pdf,PDF,Khoa học dữ liệu,Đại học Lao động - Xã hội,Khoa học dữ liệu,K34,"Tài liệu học tập về trực quan hóa dữ liệu, hỗ trợ sinh viên ngành Khoa học dữ liệu ôn tập, tìm kiếm và nhận gợi ý tài liệu liên quan.",dữ liệu|học máy|thống kê|trực quan hóa,PUBLIC,ACTIVE,0,0,f5a29a96-150d-5787-97b6-fb4eba856b11,2026-05-16T08:33:20.150Z,2026-05-16T08:33:20.150Z,
4201d45a-7149-41e3-bacd-96039a5e4d59,Lập báo cáo tài chính,Lập báo cáo tài chính.pdf,PDF,Kế toán - Kiểm toán,Đại học Cần Thơ,Kiểm toán,K32,"Tài liệu học tập về lập báo cáo tài chính, hỗ trợ sinh viên ngành Kế toán kiểm toán ôn tập, tìm kiếm và nhận gợi ý tài liệu liên quan.",kiểm toán|kế toán|báo cáo tài chính|chi phí,PUBLIC,ACTIVE,1,0,4d68de75-bbd8-5184-be35-2c05e7ed6528,2026-05-16T08:33:21.086Z,2026-05-17T08:13:11.415Z,
9b1a8e18-78aa-445e-ab9a-445af8bbd5f0,Kỹ thuật phần mềm,Kỹ thuật phần mềm.pptx,PPT,Công nghệ thông tin,Đại học Bách khoa Hà Nội,Kỹ thuật phần mềm,K41,"Tài liệu học tập về kỹ thuật phần mềm, hỗ trợ sinh viên ngành Công nghệ thông tin ôn tập, tìm kiếm và nhận gợi ý tài liệu liên quan.",công nghệ thông tin|lập trình|bảo mật|cơ sở dữ liệu,PUBLIC,ACTIVE,0,0,a5c3a64a-b328-5599-83a8-650bb0758c06,2026-05-16T08:33:22.038Z,2026-05-16T08:33:22.038Z,
913c9fed-9741-42fe-9107-1f7fde73520f,Phân tích dữ liệu với Python,Phân tích dữ liệu với Python.pdf,PDF,Khoa học dữ liệu,Đại học Khoa học Tự nhiên - ĐHQG TP.HCM,Khoa học dữ liệu,K31,"Tài liệu học tập về phân tích dữ liệu với python, hỗ trợ sinh viên ngành Khoa học dữ liệu ôn tập, tìm kiếm và nhận gợi ý tài liệu liên quan.",học máy|trực quan hóa|thống kê|python,PUBLIC,ACTIVE,0,0,d9f3888d-7e50-5387-9955-acc36cd25c2b,2026-05-16T08:33:23.030Z,2026-05-16T08:33:23.030Z,
c4a76d59-57ca-4a4b-b8f3-d20b1a3fb43b,Xử lý ngôn ngữ tự nhiên,Xử lý ngôn ngữ tự nhiên.docx,DOC,Khoa học dữ liệu,Đại học Mở TP.HCM,Khoa học dữ liệu,K36,"Tài liệu học tập về xử lý ngôn ngữ tự nhiên, hỗ trợ sinh viên ngành Khoa học dữ liệu ôn tập, tìm kiếm và nhận gợi ý tài liệu liên quan.",trực quan hóa|thống kê|python|dữ liệu,PUBLIC,ACTIVE,0,0,fda5dd33-90da-57ca-9a90-579c6a39f78e,2026-05-16T08:33:24.055Z,2026-05-16T08:33:24.055Z,
46214677-b556-43e4-8396-4f307a29a194,Pháp luật về bảo vệ dữ liệu cá nhân,Pháp luật về bảo vệ dữ liệu cá nhân.docx,DOC,Luật,Đại học Bách khoa Hà Nội,Luật kinh tế,K33,"Tài liệu học tập về pháp luật về bảo vệ dữ liệu cá nhân, hỗ trợ sinh viên ngành Luật kinh tế ôn tập, tìm kiếm và nhận gợi ý tài liệu liên quan.",lao động|doanh nghiệp|hợp đồng|luật,PUBLIC,ACTIVE,0,0,2e25c11a-d658-5737-a124-1a28805e754d,2026-05-16T08:33:25.041Z,2026-05-16T08:33:25.041Z,
be8359af-619b-4843-a1e6-18b02cdf0039,Du lịch bền vững,Du lịch bền vững.pdf,PDF,Du lịch - Khách sạn,Học viện Báo chí và Tuyên truyền,Quản trị khách sạn,K35,"Tài liệu học tập về du lịch bền vững, hỗ trợ sinh viên ngành Quản trị du lịch khách sạn ôn tập, tìm kiếm và nhận gợi ý tài liệu liên quan.",tour|khách sạn|trải nghiệm|du lịch,PUBLIC,ACTIVE,0,0,3716b700-339d-5437-b184-5b2990d1e473,2026-05-16T08:33:26.376Z,2026-05-16T08:33:26.376Z,
7ef67d35-3b6e-48cc-b09c-8a72d129c965,Kịch bản truyền thông,Kịch bản truyền thông.pptx,PPT,Truyền thông,Đại học Xây dựng Hà Nội,Truyền thông,K33,"Tài liệu học tập về kịch bản truyền thông, hỗ trợ sinh viên ngành Truyền thông đa phương tiện ôn tập, tìm kiếm và nhận gợi ý tài liệu liên quan.",PR|truyền thông|nội dung số|mạng xã hội,PUBLIC,ACTIVE,0,0,9612685c-5354-5384-9660-6ea4aa278ced,2026-05-16T08:33:27.338Z,2026-05-16T08:33:27.338Z,
473d7a83-5812-4dcb-9b6a-11da4b51cf6e,Thiết kế kiến trúc cơ sở,Thiết kế kiến trúc cơ sở.docx,DOC,Xây dựng - Kiến trúc,Đại học Sư phạm Hà Nội,Kiến trúc,K30,"Tài liệu học tập về thiết kế kiến trúc cơ sở, hỗ trợ sinh viên ngành Kỹ thuật xây dựng ôn tập, tìm kiếm và nhận gợi ý tài liệu liên quan.",kiến trúc|xây dựng|kết cấu|dự toán,PUBLIC,ACTIVE,0,0,3fb9126b-fdb4-5893-92df-448d7bfbdec8,2026-05-16T08:33:28.210Z,2026-05-16T08:33:28.210Z,
d3e03c92-3664-4b89-8058-bbc895e8b256,Phát âm tiếng Anh,Phát âm tiếng Anh.pdf,PDF,Ngoại ngữ,Đại học Y tế Công cộng,Biên phiên dịch,K44,"Tài liệu học tập về phát âm tiếng anh, hỗ trợ sinh viên ngành Ngôn ngữ Anh ôn tập, tìm kiếm và nhận gợi ý tài liệu liên quan.",ngoại ngữ|tiếng Anh|biên dịch|học thuật,PUBLIC,ACTIVE,0,0,c2f580b2-d798-5528-8ed2-b418473323e1,2026-05-16T08:33:29.098Z,2026-05-16T08:33:29.098Z,
646b9f9c-2bca-479d-858b-7d4f549b47ea,Xây dựng kế hoạch truyền thông,Xây dựng kế hoạch truyền thông.docx,DOC,Truyền thông,Đại học Lao động - Xã hội,Truyển thông,K38,"Tài liệu học tập về xây dựng kế hoạch truyền thông, hỗ trợ sinh viên ngành Truyền thông đa phương tiện ôn tập, tìm kiếm và nhận gợi ý tài liệu liên quan.",mạng xã hội|truyền thông|nội dung số|sự kiện,PUBLIC,ACTIVE,0,0,7f270cbc-2a4a-575f-9369-e16b455a6054,2026-05-16T08:33:30.064Z,2026-05-16T08:33:30.064Z,
b55c9f3e-e8ca-4d3c-bddf-b6ce7a28d464,Quản trị chiến lược,Quản trị chiến lược.pptx,PPT,Quản trị kinh doanh,Học viện Báo chí và Tuyên truyền,Quản trị kinh doanh,K31,"Tài liệu học tập về quản trị chiến lược, hỗ trợ sinh viên ngành Quản trị kinh doanh ôn tập, tìm kiếm và nhận gợi ý tài liệu liên quan.",quản trị|dự án|vận hành|nhân sự,PUBLIC,ACTIVE,0,0,8d7a8cc3-3b70-5d4b-b514-1227106265af,2026-05-16T08:33:30.937Z,2026-05-16T08:33:30.937Z,
98a7bc92-ec8b-42ec-8b20-fb1960d09657,Kết cấu bê tông cốt thép,Kết cấu bê tông cốt thép.docx,DOC,Xây dựng - Kiến trúc,Đại học Sư phạm Kỹ thuật Đà Nẵng,Kiến trúc,K36,"Tài liệu học tập về kết cấu bê tông cốt thép, hỗ trợ sinh viên ngành Kỹ thuật xây dựng ôn tập, tìm kiếm và nhận gợi ý tài liệu liên quan.",xây dựng|kiến trúc|kết cấu|dự toán,PUBLIC,ACTIVE,0,0,769376ad-6724-595a-9dae-bd24fa46802b,2026-05-16T08:33:31.824Z,2026-05-16T08:33:31.824Z,
b813e5f6-f602-42cd-8f0e-5877d8883486,Nông nghiệp hữu cơ,Nông nghiệp hữu cơ.pptx,PPT,Nông nghiệp,Đại học Bách khoa Hà Nội,Chăn nuôi,K37,"Tài liệu học tập về nông nghiệp hữu cơ, hỗ trợ sinh viên ngành Nông học ôn tập, tìm kiếm và nhận gợi ý tài liệu liên quan.",nông nghiệp|thủy sản|trồng trọt|chăn nuôi,PUBLIC,ACTIVE,0,0,82cd8f44-e1a9-5ec9-80c1-54dede3794e6,2026-05-16T08:33:32.733Z,2026-05-16T08:33:32.733Z,
b11b08d5-0afe-4036-8f3e-48281e29208b,Quản trị thương hiệu,Quản trị thương hiệu.docx,DOC,Marketing,Đại học Cần Thơ,Digital Marketing,K32,"Tài liệu học tập về quản trị thương hiệu, hỗ trợ sinh viên ngành Marketing ôn tập, tìm kiếm và nhận gợi ý tài liệu liên quan.",marketing|digital|thương hiệu|content,PUBLIC,ACTIVE,1,1,bd1e4028-7dfe-5cdf-afc6-dbb212ba936a,2026-05-16T08:33:33.705Z,2026-05-17T08:41:07.910Z,
fe353cec-ca60-40a2-8b78-fcbebb068253,Tài chính doanh nghiệp nâng cao,Tài chính doanh nghiệp nâng cao.pptx,PPT,Tài chính - Ngân hàng,Đại học Bách khoa Hà Nội,Tài chính ngân hàng,K45,"Tài liệu học tập về tài chính doanh nghiệp nâng cao, hỗ trợ sinh viên ngành Tài chính ngân hàng ôn tập, tìm kiếm và nhận gợi ý tài liệu liên quan.",chứng khoán|đầu tư|ngân hàng|tài chính,PUBLIC,ACTIVE,0,0,3e40f743-3f6f-50f2-a2f3-aa3c927c58f4,2026-05-16T08:33:34.614Z,2026-05-16T08:33:34.614Z,
c6bebaff-81d7-43cd-9e28-4d5dea575806,Quản lý dự án xây dựng,Quản lý dự án xây dựng.pptx,PPT,Xây dựng - Kiến trúc,Đại học Xây dựng Hà Nội,Kiến trúc,K43,"Tài liệu học tập về quản lý dự án xây dựng, hỗ trợ sinh viên ngành Kỹ thuật xây dựng ôn tập, tìm kiếm và nhận gợi ý tài liệu liên quan.",xây dựng|kết cấu|bản vẽ|kiến trúc,PUBLIC,ACTIVE,0,0,7e054549-6261-573a-b56f-13da4195567b,2026-05-16T08:33:35.510Z,2026-05-16T08:33:35.510Z,
322df307-1077-4bea-8e2f-290439107257,Kế toán tài chính doanh nghiệp,Kế toán tài chính doanh nghiệp.docx,DOC,Kế toán - Kiểm toán,Đại học Thương mại,Kiểm toán,K31,"Tài liệu học tập về kế toán tài chính doanh nghiệp, hỗ trợ sinh viên ngành Kế toán kiểm toán ôn tập, tìm kiếm và nhận gợi ý tài liệu liên quan.",kiểm toán|kế toán|thuế|chi phí,PUBLIC,ACTIVE,0,0,8166355f-d0ce-5377-82fb-25000270baaf,2026-05-16T08:33:36.809Z,2026-05-16T08:33:36.809Z,
541755ce-e900-4afe-9ff4-0962f61215fb,Nguyên lý kế toán,Nguyên lý kế toán.docx,DOC,Kế toán - Kiểm toán,Học viện Báo chí và Tuyên truyền,Kiểm toán,K45,"Tài liệu học tập về nguyên lý kế toán, hỗ trợ sinh viên ngành Kế toán kiểm toán ôn tập, tìm kiếm và nhận gợi ý tài liệu liên quan.",báo cáo tài chính|thuế|chi phí|kiểm toán,PUBLIC,ACTIVE,0,0,f55c0eb8-cb4e-5371-bfda-57112264ccf4,2026-05-16T08:33:37.843Z,2026-05-16T08:33:37.843Z,
efbec62e-632e-4c2d-9798-38176d760e6d,Nông nghiệp thông minh,Nông nghiệp thông minh.pdf,PDF,Nông nghiệp,Đại học Y Dược TP.HCM,Chăn nuôi,K40,"Tài liệu học tập về nông nghiệp thông minh, hỗ trợ sinh viên ngành Nông học ôn tập, tìm kiếm và nhận gợi ý tài liệu liên quan.",nông nghiệp|thủy sản|chăn nuôi|hữu cơ,PUBLIC,ACTIVE,0,0,b2e73ab6-04ed-574b-954a-32f2334f8130,2026-05-16T08:33:38.799Z,2026-05-16T08:33:38.799Z,
f36013d1-a256-402c-8ed1-ef220d82d7cf,Tài chính cá nhân cho sinh viên,Tài chính cá nhân cho sinh viên.pdf,PDF,Tài chính - Ngân hàng,Đại học Văn hóa Hà Nội,Tài chính ngân hàng,K38,"Tài liệu học tập về tài chính cá nhân cho sinh viên, hỗ trợ sinh viên ngành Tài chính ngân hàng ôn tập, tìm kiếm và nhận gợi ý tài liệu liên quan.",đầu tư|rủi ro|ngân hàng|chứng khoán,PUBLIC,ACTIVE,0,0,0d10a1e6-5340-5f84-af51-45047f65029b,2026-05-16T08:33:39.740Z,2026-05-16T08:33:39.740Z,
483eadd5-1e3b-425e-8817-cb8c5e79dc98,Luật dân sự căn bản,Luật dân sự căn bản.pdf,PDF,Luật,Đại học Sư phạm Hà Nội,Luật dân sự,K43,"Tài liệu học tập về luật dân sự căn bản, hỗ trợ sinh viên ngành Luật kinh tế ôn tập, tìm kiếm và nhận gợi ý tài liệu liên quan.",dân sự|lao động|hợp đồng|luật,PUBLIC,ACTIVE,1,0,5cc4bbbe-5cd6-5c42-bc3b-ede68088a7e5,2026-05-16T08:33:40.679Z,2026-05-16T08:56:05.243Z,
0f737fdc-b2cb-40b0-87ea-1921f6793dc4,Kỹ năng cố vấn học tập,Kỹ năng cố vấn học tập.pptx,PPT,Giáo dục,Đại học Tài chính - Marketing,Quản lý giáo dục,K42,"Tài liệu học tập về kỹ năng cố vấn học tập, hỗ trợ sinh viên ngành Sư phạm ôn tập, tìm kiếm và nhận gợi ý tài liệu liên quan.",giáo dục|e-learning|giảng dạy|lớp học,PUBLIC,ACTIVE,1,0,b0f83e17-a765-5847-a3be-2a5ff3369924,2026-05-16T08:33:41.562Z,2026-05-16T08:55:54.780Z,
2f03d0e8-419c-4fe9-9650-dccd002f6b13,Học máy căn bản,Học máy căn bản.pdf,PDF,Khoa học dữ liệu,Đại học Kinh tế Quốc dân,Khoa học dữ liệu,K45,"Tài liệu học tập về học máy căn bản, hỗ trợ sinh viên ngành Khoa học dữ liệu ôn tập, tìm kiếm và nhận gợi ý tài liệu liên quan.",trực quan hóa|dữ liệu|python|học máy,PUBLIC,ACTIVE,0,0,982ccd00-3bbd-5608-94bf-60f710a5b886,2026-05-16T08:33:42.542Z,2026-05-16T08:33:42.542Z,
e30480d6-280a-49d4-917a-5b3c8e12ecde,Kế toán thuế thực hành,Kế toán thuế thực hành.pptx,PPT,Kế toán - Kiểm toán,Học viện Ngân hàng,Kiểm toán,K33,"Tài liệu học tập về kế toán thuế thực hành, hỗ trợ sinh viên ngành Kế toán kiểm toán ôn tập, tìm kiếm và nhận gợi ý tài liệu liên quan.",thuế|kế toán|kiểm toán|báo cáo tài chính,PUBLIC,ACTIVE,0,0,304d6242-55e9-55ea-885e-98bc0052daa5,2026-05-16T08:33:43.606Z,2026-05-16T08:33:43.606Z,
2441d01e-0467-46d8-86e4-712e6b70bb38,Kinh tế phát triển bền vững,Kinh tế phát triển bền vững.pdf,PDF,Kinh tế,Đại học Tài chính - Marketing,Kinh tế,K41,"Tài liệu học tập về kinh tế phát triển bền vững, hỗ trợ sinh viên ngành Kinh tế học ôn tập, tìm kiếm và nhận gợi ý tài liệu liên quan.",thị trường|vi mô|cung cầu|vĩ mô,PUBLIC,ACTIVE,1,0,fcf7de85-6f9e-5d23-add4-113050a25b47,2026-05-16T08:33:44.602Z,2026-05-16T08:55:46.668Z,
b4fcdd5b-f1b6-4c03-83fa-1dafb3364448,An toàn lao động công trình,An toàn lao động công trình.pdf,PDF,Xây dựng - Kiến trúc,Đại học Kinh tế TP.HCM,Kiến trúc,K43,"Tài liệu học tập về an toàn lao động công trình, hỗ trợ sinh viên ngành Kỹ thuật xây dựng ôn tập, tìm kiếm và nhận gợi ý tài liệu liên quan.",bản vẽ|xây dựng|kiến trúc|kết cấu,PUBLIC,ACTIVE,0,0,663dc86a-1b00-4c32-a59b-d9f55521a1e7,2026-05-16T08:33:45.580Z,2026-05-16T08:33:45.580Z,
4fc2fc6f-f634-497a-bfa4-321b434d8512,Cấu trúc dữ liệu và giải thuật,Cấu trúc dữ liệu và giải thuật.docx,DOC,Công nghệ thông tin,Đại học Khoa học Xã hội và Nhân văn - ĐHQGHN,Hệ thống thông tin,K32,"Tài liệu học tập về cấu trúc dữ liệu và giải thuật, hỗ trợ sinh viên ngành Công nghệ thông tin ôn tập, tìm kiếm và nhận gợi ý tài liệu liên quan.",bảo mật|công nghệ thông tin|cơ sở dữ liệu|lập trình,PUBLIC,ACTIVE,0,0,65e3cdcd-6a52-592b-97ff-683b218828ef,2026-05-16T08:33:46.532Z,2026-05-16T08:33:46.532Z,
a92368f3-1594-44c3-a0ef-e2c9ededd979,Nguyên lý kinh tế vi mô,Nguyên lý kinh tế vi mô.docx,DOC,Kinh tế,Đại học Hà Nội,Kinh tế,K45,"Tài liệu học tập về nguyên lý kinh tế vi mô, hỗ trợ sinh viên ngành Kinh tế học ôn tập, tìm kiếm và nhận gợi ý tài liệu liên quan.",cung cầu|vi mô|thị trường|kinh tế,PUBLIC,ACTIVE,0,0,d5e4f13a-e2e3-5df6-ac46-dbe8f46d8955,2026-05-16T08:33:47.932Z,2026-05-16T08:33:47.932Z,
f5ebd7f2-27ec-45c8-a319-c25b1d39a606,Công nghệ sau thu hoạch,Công nghệ sau thu hoạch.docx,DOC,Nông nghiệp,Đại học Kinh tế - Luật,Chăn nuôi,K34,"Tài liệu học tập về công nghệ sau thu hoạch, hỗ trợ sinh viên ngành Nông học ôn tập, tìm kiếm và nhận gợi ý tài liệu liên quan.",hữu cơ|nông nghiệp|thủy sản|chăn nuôi,PUBLIC,ACTIVE,0,0,6d197344-6c0b-5143-9f67-91624d1299bd,2026-05-16T08:33:48.837Z,2026-05-16T08:33:48.837Z,
07e9f472-8e83-437d-8b88-c8ccd664758f,Hệ thống tưới tiêu,Hệ thống tưới tiêu.pdf,PDF,Nông nghiệp,Đại học Văn Lang,Chăn nuôi,K37,"Tài liệu học tập về hệ thống tưới tiêu, hỗ trợ sinh viên ngành Nông học ôn tập, tìm kiếm và nhận gợi ý tài liệu liên quan.",hữu cơ|thủy sản|trồng trọt|chăn nuôi,PUBLIC,ACTIVE,0,0,3862f4fb-3a49-5273-904f-4e1cc83361be,2026-05-16T08:33:49.756Z,2026-05-16T08:33:49.756Z,
5bb258e6-51e3-4387-bff7-72a9099f3196,Quản trị nguồn nhân lực,Quản trị nguồn nhân lực.pdf,PDF,Quản trị kinh doanh,Đại học Y Dược TP.HCM,Quản trị nhân lực,K30,"Tài liệu học tập về quản trị nguồn nhân lực, hỗ trợ sinh viên ngành Quản trị kinh doanh ôn tập, tìm kiếm và nhận gợi ý tài liệu liên quan.",nhân sự|quản trị|vận hành|dự án,PUBLIC,ACTIVE,1,0,378bfc3c-af5a-5b4a-be91-6a236832a448,2026-05-16T08:33:50.690Z,2026-05-17T08:18:49.110Z,
